Workbook
Name Business: " "
Name Data: OFFSET('Google Leads '!$A$1,,,COUNTA('Google Leads '!$B:$B),COUNTA('Google Leads '!$1:$1))
Name Matricules: " "
Name Nom_complet: " "
Name Pause_déjeuner: Annuaire_roster!#REF!
Name Pausette: Annuaire_roster!#REF!
Name PL_Date: Planning!$B:$B
Name PL_Entrée: Planning!$C:$C
Name PL_Nom: Planning!$A:$A
Name PL_Sortie: Planning!$D:$D
Name Segment: " "
Name Segment_Business12: #N/A
Name Segment_Business141: #N/A
Name Segment_Mois12: #N/A
Name Segment_Mois141: #N/A
Name Segment_Segment12: #N/A
Name Segment_Segment141: #N/A
Name Segment_Semaine12: #N/A
Name Segment_Semaine141: #N/A
Name Team: " "

Sheet Google Leads 
A1: Matricule | B1: Nom De l'agent | C1: Hr début shift Réalisée | D1: Hr début shift Planifiée | E1: Hr fin shift Réalisée | F1: Hr Fin shift Planifiée | G1: Durée de la Pause Dej | H1: Dépsement des pauses | I1: Retard Debut de shift | J1: Retard Dej | K1: Somme des retards | L1: Départs Anticipés | M1: Absences | N1: Hr Adherée | O1: Hr Planifiée | P1: Segment | Q1: Date | R1: Hr Abs Pure | S1: Hr Abs Totales | T1: Semaine | U1: Mois | V1: Année | W1: VTO | X1: Heures SUP | Y1: Team | Z1: Business | AA1: Statut | AB1: Congé payé | AC1: Congé sans solde | AD1: Congé spécial | AE1: Jour férié | AF1: Commentaire | AG1: Plannif spécial
A2: =VLOOKUP(B2,Annuaire_roster!B:F,5,0) -> 742 | B2: ZAKI OMAR | C2: 0.29166667 | D2: {=IFERROR(INDEX(Planning2[],MATCH(1,(Planning2[Nom]=B2)*(Planning2[Date]=Q2),0),3),"-")} -> 0.29166667 | E2: 0.66666667 | F2: {=IFERROR(INDEX(Planning2[],MATCH(1,(Planning2[Nom]=B2)*(Planning2[Date]=Q2),0),4),"-")} -> 0.66666667 | I2: =IF(IF(OR(C2="",D2="Congé",D2="OFF",D2="Congé spécial"),"",IF(D2>F2,D2-C2,IF(C2-D2<0,0,C2-D2)))<0.00068287037037037,"",IF(OR(D2="Congé",D2="OFF",C2="",D2="Congé spécial"),"",IF(D2>F2,D2-C2,IF(C2-D2<0,0,C2-D2)))) | K2: =IF(SUM(H2:J2)<0.00068287037037037,0,SUM(H2:J2)) -> 0 | L2: =IF(OR(F2="Congé",F2="OFF",M2="Abs",F2="Congé sans solde",F2="Férié",F2="Congé spécial",D2="Congé spécial"),0,IF(F2-E2<0,0,IF(F2-E2<=0.00068287037037037,0,F2-E2))) -> 0 | M2: =IF(AND(O2<>0,C2=""),"Abs",0) -> 0 | N2: =IFERROR(IF(OR(D2="OFF",D2="Congé",M2="Abs",D2="Congé sans solde",D2="Férié"),"",IF(O2-K2-L2>O2,O2,IF(O2-K2-L2<0,"",O2-K2-L2))),"") -> 0.33333333 | O2: =IF(AG2="2H Pause déjeuner",IF(F2-D2-0.0833333333333333<0,F2-D2-0.0833333333333333+1,F2-D2-0.0833333333333333),IF(OR(AND(F2="OFF",D2="OFF"),AND(F2="Congé",D2="Congé"),AND(F2="Congé sans solde",D2="Congé sans solde"),AND(F2="Congé spécial",D2="Congé spécial"),AND(F2="Férié",D2="Férié"),AND(F2="OFF",D2="Congé"),AND(F2="OFF",D2="Congé sans solde"),AND(F2="OFF",D2="Congé spécial"),AND(F2="OFF",D2="Férié"),AND(F2="Congé",D2="OFF"),AND(F2="Congé",D2="Congé sans solde"),AND(F2="Congé",D2="Congé spécial"),AND(F2="Congé",D2="Férié"),AND(F2="Congé sans solde",D2="OFF"),AND(F2="Congé sans solde",D2="Congé"),AND(F2="Congé sans solde",D2="Congé spécial"),AND(F2="Congé sans solde",D2="Férié"),AND(F2="Congé spécial",D2="OFF"),AND(F2="Congé spécial",D2="Congé"),AND(F2="Congé spécial",D2="Congé sans solde"),AND(F2="Congé spécial",D2="Férié"),AND(F2="Férié",D2="OFF"),AND(F2="Férié",D2="Congé"),AND(F2="Férié",D2="Congé sans solde"),AND(F2="Férié",D2="Congé spécial")),0,IF(OR(F2="OFF",F2="Congé",F2="Congé spécial",F2="Congé sans solde",D2="OFF",D2="Congé",D2="Congé spécial",D2="Congé sans solde"),0.208333333333334,IF(AND(AG2="",F2-D2<0),("24:00:00"-D2)+("00:00:00"+F2)-0.0416666666666667,IF(AND(OR(AG2="Allaitement",AG2="Sans déjeuner"),F2-D2<0),("24:00:00"-D2)+("00:00:00"+F2),IF(AND(AG2="",F2-D2>0.166666666666667),F2-D2-0.0416666666666667,IF(AND(OR(AG2="Allaitement",AG2="Sans déjeuner"),F2-D2>0.166666666666667),F2-D2,F2-D2))))))) -> 0.33333333 | P2: =IFERROR(VLOOKUP($B2,Annuaire_roster!$B:$G,MATCH(P$1,Annuaire_roster!$B$1:$G$1,0),0),"-") -> Google Leads | Q2: 44717 | R2: =IF(M2="Abs",O2,0) -> 0 | S2: =SUM(R2,L2,I2,J2,W2,H2) -> 0 | T2: ="Sem - "&WEEKNUM(Q2,21) -> Sem - 23 | U2: =PROPER(TEXT(Q2,"mmmm")) -> Juin | V2: =+TEXT(Q2,"aaa") -> 2026 | X2: =IFERROR(IF(M2="Abs",0,IF((D2-C2+E2-F2)<0.000694444444444444,0,(D2-C2+E2-F2))),0) -> 0 | Y2: =IFERROR(VLOOKUP(B2,Annuaire_roster!B:E,4,0),"-") -> OUAQERROUCH Nour-El Houda | Z2: =IFERROR(VLOOKUP(B2,Annuaire_roster!B:F,3,0),"-") -> Google Leads | AA2: =IFERROR(VLOOKUP(B2,Annuaire_roster!B:I,6,0),"-") -> Forfaitaire | AB2: =IF(AND(D2="Congé",F2="Congé"),0.333333333333333,IF(OR(AND(D2="Congé",F2<>"Congé"),(AND(F2="Congé",D2<>"Congé"))),0.166666666666667,"")) | AC2: =IF(AND(D2="Congé sans solde",F2="Congé sans solde"),0.333333333333333,IF(OR(AND(D2="Congé sans solde",F2<>"Congé sans solde"),(AND(F2="Congé sans solde",D2<>"Congé sans solde"))),0.166666666666667,"")) | AD2: =IF(AND(D2="Congé spécial",F2="Congé spécial"),0.333333333333333,IF(OR(AND(D2="Congé spécial",F2<>"Congé décès"),(AND(F2="Congé spécial",D2<>"Congé spécial"))),0.166666666666667,"")) | AE2: =IF(AND(D2="Férié",F2="Férié"),0.333333333333333,IF(OR(AND(D2="Férié",F2<>"Férié"),(AND(F2="Férié",D2<>"Férié"))),0.166666666666667,""))
A3: =VLOOKUP(B3,Annuaire_roster!B:F,5,0) -> 0 | B3: AZHARI ABDELHAMID | C3: 0.29166667 | D3: {=IFERROR(INDEX(Planning2[],MATCH(1,(Planning2[Nom]=B3)*(Planning2[Date]=Q3),0),3),"-")} -> 0.29166667 | E3: 0.70833333 | F3: {=IFERROR(INDEX(Planning2[],MATCH(1,(Planning2[Nom]=B3)*(Planning2[Date]=Q3),0),4),"-")} -> 0.70833333 | I3: =IF(IF(OR(C3="",D3="Congé",D3="OFF",D3="Congé spécial"),"",IF(D3>F3,D3-C3,IF(C3-D3<0,0,C3-D3)))<0.00068287037037037,"",IF(OR(D3="Congé",D3="OFF",C3="",D3="Congé spécial"),"",IF(D3>F3,D3-C3,IF(C3-D3<0,0,C3-D3)))) | K3: =IF(SUM(H3:J3)<0.00068287037037037,0,SUM(H3:J3)) -> 0 | L3: =IF(OR(F3="Congé",F3="OFF",M3="Abs",F3="Congé sans solde",F3="Férié",F3="Congé spécial",D3="Congé spécial"),0,IF(F3-E3<0,0,IF(F3-E3<=0.00068287037037037,0,F3-E3))) -> 0 | M3: =IF(AND(O3<>0,C3=""),"Abs",0) -> 0 | N3: =IFERROR(IF(OR(D3="OFF",D3="Congé",M3="Abs",D3="Congé sans solde",D3="Férié"),"",IF(O3-K3-L3>O3,O3,IF(O3-K3-L3<0,"",O3-K3-L3))),"") -> 0.375 | O3: =IF(AG3="2H Pause déjeuner",IF(F3-D3-0.0833333333333333<0,F3-D3-0.0833333333333333+1,F3-D3-0.0833333333333333),IF(OR(AND(F3="OFF",D3="OFF"),AND(F3="Congé",D3="Congé"),AND(F3="Congé sans solde",D3="Congé sans solde"),AND(F3="Congé spécial",D3="Congé spécial"),AND(F3="Férié",D3="Férié"),AND(F3="OFF",D3="Congé"),AND(F3="OFF",D3="Congé sans solde"),AND(F3="OFF",D3="Congé spécial"),AND(F3="OFF",D3="Férié"),AND(F3="Congé",D3="OFF"),AND(F3="Congé",D3="Congé sans solde"),AND(F3="Congé",D3="Congé spécial"),AND(F3="Congé",D3="Férié"),AND(F3="Congé sans solde",D3="OFF"),AND(F3="Congé sans solde",D3="Congé"),AND(F3="Congé sans solde",D3="Congé spécial"),AND(F3="Congé sans solde",D3="Férié"),AND(F3="Congé spécial",D3="OFF"),AND(F3="Congé spécial",D3="Congé"),AND(F3="Congé spécial",D3="Congé sans solde"),AND(F3="Congé spécial",D3="Férié"),AND(F3="Férié",D3="OFF"),AND(F3="Férié",D3="Congé"),AND(F3="Férié",D3="Congé sans solde"),AND(F3="Férié",D3="Congé spécial")),0,IF(OR(F3="OFF",F3="Congé",F3="Congé spécial",F3="Congé sans solde",D3="OFF",D3="Congé",D3="Congé spécial",D3="Congé sans solde"),0.208333333333334,IF(AND(AG3="",F3-D3<0),("24:00:00"-D3)+("00:00:00"+F3)-0.0416666666666667,IF(AND(OR(AG3="Allaitement",AG3="Sans déjeuner"),F3-D3<0),("24:00:00"-D3)+("00:00:00"+F3),IF(AND(AG3="",F3-D3>0.166666666666667),F3-D3-0.0416666666666667,IF(AND(OR(AG3="Allaitement",AG3="Sans déjeuner"),F3-D3>0.166666666666667),F3-D3,F3-D3))))))) -> 0.375 | P3: =IFERROR(VLOOKUP($B3,Annuaire_roster!$B:$G,MATCH(P$1,Annuaire_roster!$B$1:$G$1,0),0),"-") -> Google Leads | Q3: 44717 | R3: =IF(M3="Abs",O3,0) -> 0 | S3: =SUM(R3,L3,I3,J3,W3,H3) -> 0 | T3: ="Sem - "&WEEKNUM(Q3,21) -> Sem - 23 | U3: =PROPER(TEXT(Q3,"mmmm")) -> Juin | V3: =+TEXT(Q3,"aaa") -> 2026 | X3: =IFERROR(IF(M3="Abs",0,IF((D3-C3+E3-F3)<0.000694444444444444,0,(D3-C3+E3-F3))),0) -> 0 | Y3: =IFERROR(VLOOKUP(B3,Annuaire_roster!B:E,4,0),"-") -> 0 | Z3: =IFERROR(VLOOKUP(B3,Annuaire_roster!B:F,3,0),"-") -> Google Leads | AA3: =IFERROR(VLOOKUP(B3,Annuaire_roster!B:I,6,0),"-") -> 0 | AB3: =IF(AND(D3="Congé",F3="Congé"),0.333333333333333,IF(OR(AND(D3="Congé",F3<>"Congé"),(AND(F3="Congé",D3<>"Congé"))),0.166666666666667,"")) | AC3: =IF(AND(D3="Congé sans solde",F3="Congé sans solde"),0.333333333333333,IF(OR(AND(D3="Congé sans solde",F3<>"Congé sans solde"),(AND(F3="Congé sans solde",D3<>"Congé sans solde"))),0.166666666666667,"")) | AD3: =IF(AND(D3="Congé spécial",F3="Congé spécial"),0.333333333333333,IF(OR(AND(D3="Congé spécial",F3<>"Congé décès"),(AND(F3="Congé spécial",D3<>"Congé spécial"))),0.166666666666667,"")) | AE3: =IF(AND(D3="Férié",F3="Férié"),0.333333333333333,IF(OR(AND(D3="Férié",F3<>"Férié"),(AND(F3="Férié",D3<>"Férié"))),0.166666666666667,""))
A4: =VLOOKUP(B4,Annuaire_roster!B:F,5,0) -> 0 | B4: LALOUN MANAL | C4: 0.28958333 | D4: {=IFERROR(INDEX(Planning2[],MATCH(1,(Planning2[Nom]=B4)*(Planning2[Date]=Q4),0),3),"-")} -> 0.29166667 | E4: 0.70833333 | F4: {=IFERROR(INDEX(Planning2[],MATCH(1,(Planning2[Nom]=B4)*(Planning2[Date]=Q4),0),4),"-")} -> 0.70833333 | I4: =IF(IF(OR(C4="",D4="Congé",D4="OFF",D4="Congé spécial"),"",IF(D4>F4,D4-C4,IF(C4-D4<0,0,C4-D4)))<0.00068287037037037,"",IF(OR(D4="Congé",D4="OFF",C4="",D4="Congé spécial"),"",IF(D4>F4,D4-C4,IF(C4-D4<0,0,C4-D4)))) | K4: =IF(SUM(H4:J4)<0.00068287037037037,0,SUM(H4:J4)) -> 0 | L4: =IF(OR(F4="Congé",F4="OFF",M4="Abs",F4="Congé sans solde",F4="Férié",F4="Congé spécial",D4="Congé spécial"),0,IF(F4-E4<0,0,IF(F4-E4<=0.00068287037037037,0,F4-E4))) -> 0 | M4: =IF(AND(O4<>0,C4=""),"Abs",0) -> 0 | N4: =IFERROR(IF(OR(D4="OFF",D4="Congé",M4="Abs",D4="Congé sans solde",D4="Férié"),"",IF(O4-K4-L4>O4,O4,IF(O4-K4-L4<0,"",O4-K4-L4))),"") -> 0.375 | O4: =IF(AG4="2H Pause déjeuner",IF(F4-D4-0.0833333333333333<0,F4-D4-0.0833333333333333+1,F4-D4-0.0833333333333333),IF(OR(AND(F4="OFF",D4="OFF"),AND(F4="Congé",D4="Congé"),AND(F4="Congé sans solde",D4="Congé sans solde"),AND(F4="Congé spécial",D4="Congé spécial"),AND(F4="Férié",D4="Férié"),AND(F4="OFF",D4="Congé"),AND(F4="OFF",D4="Congé sans solde"),AND(F4="OFF",D4="Congé spécial"),AND(F4="OFF",D4="Férié"),AND(F4="Congé",D4="OFF"),AND(F4="Congé",D4="Congé sans solde"),AND(F4="Congé",D4="Congé spécial"),AND(F4="Congé",D4="Férié"),AND(F4="Congé sans solde",D4="OFF"),AND(F4="Congé sans solde",D4="Congé"),AND(F4="Congé sans solde",D4="Congé spécial"),AND(F4="Congé sans solde",D4="Férié"),AND(F4="Congé spécial",D4="OFF"),AND(F4="Congé spécial",D4="Congé"),AND(F4="Congé spécial",D4="Congé sans solde"),AND(F4="Congé spécial",D4="Férié"),AND(F4="Férié",D4="OFF"),AND(F4="Férié",D4="Congé"),AND(F4="Férié",D4="Congé sans solde"),AND(F4="Férié",D4="Congé spécial")),0,IF(OR(F4="OFF",F4="Congé",F4="Congé spécial",F4="Congé sans solde",D4="OFF",D4="Congé",D4="Congé spécial",D4="Congé sans solde"),0.208333333333334,IF(AND(AG4="",F4-D4<0),("24:00:00"-D4)+("00:00:00"+F4)-0.0416666666666667,IF(AND(OR(AG4="Allaitement",AG4="Sans déjeuner"),F4-D4<0),("24:00:00"-D4)+("00:00:00"+F4),IF(AND(AG4="",F4-D4>0.166666666666667),F4-D4-0.0416666666666667,IF(AND(OR(AG4="Allaitement",AG4="Sans déjeuner"),F4-D4>0.166666666666667),F4-D4,F4-D4))))))) -> 0.375 | P4: =IFERROR(VLOOKUP($B4,Annuaire_roster!$B:$G,MATCH(P$1,Annuaire_roster!$B$1:$G$1,0),0),"-") -> Google Leads | Q4: 44717 | R4: =IF(M4="Abs",O4,0) -> 0 | S4: =SUM(R4,L4,I4,J4,W4,H4) -> 0 | T4: ="Sem - "&WEEKNUM(Q4,21) -> Sem - 23 | U4: =PROPER(TEXT(Q4,"mmmm")) -> Juin | V4: =+TEXT(Q4,"aaa") -> 2026 | X4: =IFERROR(IF(M4="Abs",0,IF((D4-C4+E4-F4)<0.000694444444444444,0,(D4-C4+E4-F4))),0) -> 0.0020833333 | Y4: =IFERROR(VLOOKUP(B4,Annuaire_roster!B:E,4,0),"-") -> 0 | Z4: =IFERROR(VLOOKUP(B4,Annuaire_roster!B:F,3,0),"-") -> Google Leads | AA4: =IFERROR(VLOOKUP(B4,Annuaire_roster!B:I,6,0),"-") -> 0 | AB4: =IF(AND(D4="Congé",F4="Congé"),0.333333333333333,IF(OR(AND(D4="Congé",F4<>"Congé"),(AND(F4="Congé",D4<>"Congé"))),0.166666666666667,"")) | AC4: =IF(AND(D4="Congé sans solde",F4="Congé sans solde"),0.333333333333333,IF(OR(AND(D4="Congé sans solde",F4<>"Congé sans solde"),(AND(F4="Congé sans solde",D4<>"Congé sans solde"))),0.166666666666667,"")) | AD4: =IF(AND(D4="Congé spécial",F4="Congé spécial"),0.333333333333333,IF(OR(AND(D4="Congé spécial",F4<>"Congé décès"),(AND(F4="Congé spécial",D4<>"Congé spécial"))),0.166666666666667,"")) | AE4: =IF(AND(D4="Férié",F4="Férié"),0.333333333333333,IF(OR(AND(D4="Férié",F4<>"Férié"),(AND(F4="Férié",D4<>"Férié"))),0.166666666666667,""))
A5: =VLOOKUP(B5,Annuaire_roster!B:F,5,0) -> 0 | B5: BOULHROUD SALMA | C5: 0.29166667 | D5: {=IFERROR(INDEX(Planning2[],MATCH(1,(Planning2[Nom]=B5)*(Planning2[Date]=Q5),0),3),"-")} -> 0.29166667 | E5: 0.70833333 | F5: {=IFERROR(INDEX(Planning2[],MATCH(1,(Planning2[Nom]=B5)*(Planning2[Date]=Q5),0),4),"-")} -> 0.70833333 | I5: =IF(IF(OR(C5="",D5="Congé",D5="OFF",D5="Congé spécial"),"",IF(D5>F5,D5-C5,IF(C5-D5<0,0,C5-D5)))<0.00068287037037037,"",IF(OR(D5="Congé",D5="OFF",C5="",D5="Congé spécial"),"",IF(D5>F5,D5-C5,IF(C5-D5<0,0,C5-D5)))) | K5: =IF(SUM(H5:J5)<0.00068287037037037,0,SUM(H5:J5)) -> 0 | L5: =IF(OR(F5="Congé",F5="OFF",M5="Abs",F5="Congé sans solde",F5="Férié",F5="Congé spécial",D5="Congé spécial"),0,IF(F5-E5<0,0,IF(F5-E5<=0.00068287037037037,0,F5-E5))) -> 0 | M5: =IF(AND(O5<>0,C5=""),"Abs",0) -> 0 | N5: =IFERROR(IF(OR(D5="OFF",D5="Congé",M5="Abs",D5="Congé sans solde",D5="Férié"),"",IF(O5-K5-L5>O5,O5,IF(O5-K5-L5<0,"",O5-K5-L5))),"") -> 0.375 | O5: =IF(AG5="2H Pause déjeuner",IF(F5-D5-0.0833333333333333<0,F5-D5-0.0833333333333333+1,F5-D5-0.0833333333333333),IF(OR(AND(F5="OFF",D5="OFF"),AND(F5="Congé",D5="Congé"),AND(F5="Congé sans solde",D5="Congé sans solde"),AND(F5="Congé spécial",D5="Congé spécial"),AND(F5="Férié",D5="Férié"),AND(F5="OFF",D5="Congé"),AND(F5="OFF",D5="Congé sans solde"),AND(F5="OFF",D5="Congé spécial"),AND(F5="OFF",D5="Férié"),AND(F5="Congé",D5="OFF"),AND(F5="Congé",D5="Congé sans solde"),AND(F5="Congé",D5="Congé spécial"),AND(F5="Congé",D5="Férié"),AND(F5="Congé sans solde",D5="OFF"),AND(F5="Congé sans solde",D5="Congé"),AND(F5="Congé sans solde",D5="Congé spécial"),AND(F5="Congé sans solde",D5="Férié"),AND(F5="Congé spécial",D5="OFF"),AND(F5="Congé spécial",D5="Congé"),AND(F5="Congé spécial",D5="Congé sans solde"),AND(F5="Congé spécial",D5="Férié"),AND(F5="Férié",D5="OFF"),AND(F5="Férié",D5="Congé"),AND(F5="Férié",D5="Congé sans solde"),AND(F5="Férié",D5="Congé spécial")),0,IF(OR(F5="OFF",F5="Congé",F5="Congé spécial",F5="Congé sans solde",D5="OFF",D5="Congé",D5="Congé spécial",D5="Congé sans solde"),0.208333333333334,IF(AND(AG5="",F5-D5<0),("24:00:00"-D5)+("00:00:00"+F5)-0.0416666666666667,IF(AND(OR(AG5="Allaitement",AG5="Sans déjeuner"),F5-D5<0),("24:00:00"-D5)+("00:00:00"+F5),IF(AND(AG5="",F5-D5>0.166666666666667),F5-D5-0.0416666666666667,IF(AND(OR(AG5="Allaitement",AG5="Sans déjeuner"),F5-D5>0.166666666666667),F5-D5,F5-D5))))))) -> 0.375 | P5: =IFERROR(VLOOKUP($B5,Annuaire_roster!$B:$G,MATCH(P$1,Annuaire_roster!$B$1:$G$1,0),0),"-") -> Google Leads | Q5: 44717 | R5: =IF(M5="Abs",O5,0) -> 0 | S5: =SUM(R5,L5,I5,J5,W5,H5) -> 0 | T5: ="Sem - "&WEEKNUM(Q5,21) -> Sem - 23 | U5: =PROPER(TEXT(Q5,"mmmm")) -> Juin | V5: =+TEXT(Q5,"aaa") -> 2026 | X5: =IFERROR(IF(M5="Abs",0,IF((D5-C5+E5-F5)<0.000694444444444444,0,(D5-C5+E5-F5))),0) -> 0 | Y5: =IFERROR(VLOOKUP(B5,Annuaire_roster!B:E,4,0),"-") -> 0 | Z5: =IFERROR(VLOOKUP(B5,Annuaire_roster!B:F,3,0),"-") -> Google Leads | AA5: =IFERROR(VLOOKUP(B5,Annuaire_roster!B:I,6,0),"-") -> 0 | AB5: =IF(AND(D5="Congé",F5="Congé"),0.333333333333333,IF(OR(AND(D5="Congé",F5<>"Congé"),(AND(F5="Congé",D5<>"Congé"))),0.166666666666667,"")) | AC5: =IF(AND(D5="Congé sans solde",F5="Congé sans solde"),0.333333333333333,IF(OR(AND(D5="Congé sans solde",F5<>"Congé sans solde"),(AND(F5="Congé sans solde",D5<>"Congé sans solde"))),0.166666666666667,"")) | AD5: =IF(AND(D5="Congé spécial",F5="Congé spécial"),0.333333333333333,IF(OR(AND(D5="Congé spécial",F5<>"Congé décès"),(AND(F5="Congé spécial",D5<>"Congé spécial"))),0.166666666666667,"")) | AE5: =IF(AND(D5="Férié",F5="Férié"),0.333333333333333,IF(OR(AND(D5="Férié",F5<>"Férié"),(AND(F5="Férié",D5<>"Férié"))),0.166666666666667,""))
A6: =VLOOKUP(B6,Annuaire_roster!B:F,5,0) -> 0 | B6: NEMMAOUI MOUNIRA | C6: 0.29166667 | D6: {=IFERROR(INDEX(Planning2[],MATCH(1,(Planning2[Nom]=B6)*(Planning2[Date]=Q6),0),3),"-")} -> 0.29166667 | E6: 0.70833333 | F6: {=IFERROR(INDEX(Planning2[],MATCH(1,(Planning2[Nom]=B6)*(Planning2[Date]=Q6),0),4),"-")} -> 0.70833333 | I6: =IF(IF(OR(C6="",D6="Congé",D6="OFF",D6="Congé spécial"),"",IF(D6>F6,D6-C6,IF(C6-D6<0,0,C6-D6)))<0.00068287037037037,"",IF(OR(D6="Congé",D6="OFF",C6="",D6="Congé spécial"),"",IF(D6>F6,D6-C6,IF(C6-D6<0,0,C6-D6)))) | K6: =IF(SUM(H6:J6)<0.00068287037037037,0,SUM(H6:J6)) -> 0 | L6: =IF(OR(F6="Congé",F6="OFF",M6="Abs",F6="Congé sans solde",F6="Férié",F6="Congé spécial",D6="Congé spécial"),0,IF(F6-E6<0,0,IF(F6-E6<=0.00068287037037037,0,F6-E6))) -> 0 | M6: =IF(AND(O6<>0,C6=""),"Abs",0) -> 0 | N6: =IFERROR(IF(OR(D6="OFF",D6="Congé",M6="Abs",D6="Congé sans solde",D6="Férié"),"",IF(O6-K6-L6>O6,O6,IF(O6-K6-L6<0,"",O6-K6-L6))),"") -> 0.375 | O6: =IF(AG6="2H Pause déjeuner",IF(F6-D6-0.0833333333333333<0,F6-D6-0.0833333333333333+1,F6-D6-0.0833333333333333),IF(OR(AND(F6="OFF",D6="OFF"),AND(F6="Congé",D6="Congé"),AND(F6="Congé sans solde",D6="Congé sans solde"),AND(F6="Congé spécial",D6="Congé spécial"),AND(F6="Férié",D6="Férié"),AND(F6="OFF",D6="Congé"),AND(F6="OFF",D6="Congé sans solde"),AND(F6="OFF",D6="Congé spécial"),AND(F6="OFF",D6="Férié"),AND(F6="Congé",D6="OFF"),AND(F6="Congé",D6="Congé sans solde"),AND(F6="Congé",D6="Congé spécial"),AND(F6="Congé",D6="Férié"),AND(F6="Congé sans solde",D6="OFF"),AND(F6="Congé sans solde",D6="Congé"),AND(F6="Congé sans solde",D6="Congé spécial"),AND(F6="Congé sans solde",D6="Férié"),AND(F6="Congé spécial",D6="OFF"),AND(F6="Congé spécial",D6="Congé"),AND(F6="Congé spécial",D6="Congé sans solde"),AND(F6="Congé spécial",D6="Férié"),AND(F6="Férié",D6="OFF"),AND(F6="Férié",D6="Congé"),AND(F6="Férié",D6="Congé sans solde"),AND(F6="Férié",D6="Congé spécial")),0,IF(OR(F6="OFF",F6="Congé",F6="Congé spécial",F6="Congé sans solde",D6="OFF",D6="Congé",D6="Congé spécial",D6="Congé sans solde"),0.208333333333334,IF(AND(AG6="",F6-D6<0),("24:00:00"-D6)+("00:00:00"+F6)-0.0416666666666667,IF(AND(OR(AG6="Allaitement",AG6="Sans déjeuner"),F6-D6<0),("24:00:00"-D6)+("00:00:00"+F6),IF(AND(AG6="",F6-D6>0.166666666666667),F6-D6-0.0416666666666667,IF(AND(OR(AG6="Allaitement",AG6="Sans déjeuner"),F6-D6>0.166666666666667),F6-D6,F6-D6))))))) -> 0.375 | P6: =IFERROR(VLOOKUP($B6,Annuaire_roster!$B:$G,MATCH(P$1,Annuaire_roster!$B$1:$G$1,0),0),"-") -> Google Leads | Q6: 44717 | R6: =IF(M6="Abs",O6,0) -> 0 | S6: =SUM(R6,L6,I6,J6,W6,H6) -> 0 | T6: ="Sem - "&WEEKNUM(Q6,21) -> Sem - 23 | U6: =PROPER(TEXT(Q6,"mmmm")) -> Juin | V6: =+TEXT(Q6,"aaa") -> 2026 | X6: =IFERROR(IF(M6="Abs",0,IF((D6-C6+E6-F6)<0.000694444444444444,0,(D6-C6+E6-F6))),0) -> 0 | Y6: =IFERROR(VLOOKUP(B6,Annuaire_roster!B:E,4,0),"-") -> 0 | Z6: =IFERROR(VLOOKUP(B6,Annuaire_roster!B:F,3,0),"-") -> Google Leads | AA6: =IFERROR(VLOOKUP(B6,Annuaire_roster!B:I,6,0),"-") -> 0 | AB6: =IF(AND(D6="Congé",F6="Congé"),0.333333333333333,IF(OR(AND(D6="Congé",F6<>"Congé"),(AND(F6="Congé",D6<>"Congé"))),0.166666666666667,"")) | AC6: =IF(AND(D6="Congé sans solde",F6="Congé sans solde"),0.333333333333333,IF(OR(AND(D6="Congé sans solde",F6<>"Congé sans solde"),(AND(F6="Congé sans solde",D6<>"Congé sans solde"))),0.166666666666667,"")) | AD6: =IF(AND(D6="Congé spécial",F6="Congé spécial"),0.333333333333333,IF(OR(AND(D6="Congé spécial",F6<>"Congé décès"),(AND(F6="Congé spécial",D6<>"Congé spécial"))),0.166666666666667,"")) | AE6: =IF(AND(D6="Férié",F6="Férié"),0.333333333333333,IF(OR(AND(D6="Férié",F6<>"Férié"),(AND(F6="Férié",D6<>"Férié"))),0.166666666666667,""))
A7: =VLOOKUP(B7,Annuaire_roster!B:F,5,0) -> 669 | B7: NIANG NDEYE ABSA | C7: 0.29027778 | D7: {=IFERROR(INDEX(Planning2[],MATCH(1,(Planning2[Nom]=B7)*(Planning2[Date]=Q7),0),3),"-")} -> 0.29166667 | E7: 0.70833333 | F7: {=IFERROR(INDEX(Planning2[],MATCH(1,(Planning2[Nom]=B7)*(Planning2[Date]=Q7),0),4),"-")} -> 0.70833333 | I7: =IF(IF(OR(C7="",D7="Congé",D7="OFF",D7="Congé spécial"),"",IF(D7>F7,D7-C7,IF(C7-D7<0,0,C7-D7)))<0.00068287037037037,"",IF(OR(D7="Congé",D7="OFF",C7="",D7="Congé spécial"),"",IF(D7>F7,D7-C7,IF(C7-D7<0,0,C7-D7)))) | K7: =IF(SUM(H7:J7)<0.00068287037037037,0,SUM(H7:J7)) -> 0 | L7: =IF(OR(F7="Congé",F7="OFF",M7="Abs",F7="Congé sans solde",F7="Férié",F7="Congé spécial",D7="Congé spécial"),0,IF(F7-E7<0,0,IF(F7-E7<=0.00068287037037037,0,F7-E7))) -> 0 | M7: =IF(AND(O7<>0,C7=""),"Abs",0) -> 0 | N7: =IFERROR(IF(OR(D7="OFF",D7="Congé",M7="Abs",D7="Congé sans solde",D7="Férié"),"",IF(O7-K7-L7>O7,O7,IF(O7-K7-L7<0,"",O7-K7-L7))),"") -> 0.375 | O7: =IF(AG7="2H Pause déjeuner",IF(F7-D7-0.0833333333333333<0,F7-D7-0.0833333333333333+1,F7-D7-0.0833333333333333),IF(OR(AND(F7="OFF",D7="OFF"),AND(F7="Congé",D7="Congé"),AND(F7="Congé sans solde",D7="Congé sans solde"),AND(F7="Congé spécial",D7="Congé spécial"),AND(F7="Férié",D7="Férié"),AND(F7="OFF",D7="Congé"),AND(F7="OFF",D7="Congé sans solde"),AND(F7="OFF",D7="Congé spécial"),AND(F7="OFF",D7="Férié"),AND(F7="Congé",D7="OFF"),AND(F7="Congé",D7="Congé sans solde"),AND(F7="Congé",D7="Congé spécial"),AND(F7="Congé",D7="Férié"),AND(F7="Congé sans solde",D7="OFF"),AND(F7="Congé sans solde",D7="Congé"),AND(F7="Congé sans solde",D7="Congé spécial"),AND(F7="Congé sans solde",D7="Férié"),AND(F7="Congé spécial",D7="OFF"),AND(F7="Congé spécial",D7="Congé"),AND(F7="Congé spécial",D7="Congé sans solde"),AND(F7="Congé spécial",D7="Férié"),AND(F7="Férié",D7="OFF"),AND(F7="Férié",D7="Congé"),AND(F7="Férié",D7="Congé sans solde"),AND(F7="Férié",D7="Congé spécial")),0,IF(OR(F7="OFF",F7="Congé",F7="Congé spécial",F7="Congé sans solde",D7="OFF",D7="Congé",D7="Congé spécial",D7="Congé sans solde"),0.208333333333334,IF(AND(AG7="",F7-D7<0),("24:00:00"-D7)+("00:00:00"+F7)-0.0416666666666667,IF(AND(OR(AG7="Allaitement",AG7="Sans déjeuner"),F7-D7<0),("24:00:00"-D7)+("00:00:00"+F7),IF(AND(AG7="",F7-D7>0.166666666666667),F7-D7-0.0416666666666667,IF(AND(OR(AG7="Allaitement",AG7="Sans déjeuner"),F7-D7>0.166666666666667),F7-D7,F7-D7))))))) -> 0.375 | P7: =IFERROR(VLOOKUP($B7,Annuaire_roster!$B:$G,MATCH(P$1,Annuaire_roster!$B$1:$G$1,0),0),"-") -> Google Leads | Q7: 44717 | R7: =IF(M7="Abs",O7,0) -> 0 | S7: =SUM(R7,L7,I7,J7,W7,H7) -> 0 | T7: ="Sem - "&WEEKNUM(Q7,21) -> Sem - 23 | U7: =PROPER(TEXT(Q7,"mmmm")) -> Juin | V7: =+TEXT(Q7,"aaa") -> 2026 | X7: =IFERROR(IF(M7="Abs",0,IF((D7-C7+E7-F7)<0.000694444444444444,0,(D7-C7+E7-F7))),0) -> 0.0013888889 | Y7: =IFERROR(VLOOKUP(B7,Annuaire_roster!B:E,4,0),"-") -> CHOUIFI Mustapha | Z7: =IFERROR(VLOOKUP(B7,Annuaire_roster!B:F,3,0),"-") -> Google Leads | AA7: =IFERROR(VLOOKUP(B7,Annuaire_roster!B:I,6,0),"-") -> Forfaitaire | AB7: =IF(AND(D7="Congé",F7="Congé"),0.333333333333333,IF(OR(AND(D7="Congé",F7<>"Congé"),(AND(F7="Congé",D7<>"Congé"))),0.166666666666667,"")) | AC7: =IF(AND(D7="Congé sans solde",F7="Congé sans solde"),0.333333333333333,IF(OR(AND(D7="Congé sans solde",F7<>"Congé sans solde"),(AND(F7="Congé sans solde",D7<>"Congé sans solde"))),0.166666666666667,"")) | AD7: =IF(AND(D7="Congé spécial",F7="Congé spécial"),0.333333333333333,IF(OR(AND(D7="Congé spécial",F7<>"Congé décès"),(AND(F7="Congé spécial",D7<>"Congé spécial"))),0.166666666666667,"")) | AE7: =IF(AND(D7="Férié",F7="Férié"),0.333333333333333,IF(OR(AND(D7="Férié",F7<>"Férié"),(AND(F7="Férié",D7<>"Férié"))),0.166666666666667,""))
A8: =VLOOKUP(B8,Annuaire_roster!B:F,5,0) -> 0 | B8: BENSAR ANAS | C8: 0.29166667 | D8: {=IFERROR(INDEX(Planning2[],MATCH(1,(Planning2[Nom]=B8)*(Planning2[Date]=Q8),0),3),"-")} -> 0.29166667 | E8: 0.70833333 | F8: {=IFERROR(INDEX(Planning2[],MATCH(1,(Planning2[Nom]=B8)*(Planning2[Date]=Q8),0),4),"-")} -> 0.70833333 | I8: =IF(IF(OR(C8="",D8="Congé",D8="OFF",D8="Congé spécial"),"",IF(D8>F8,D8-C8,IF(C8-D8<0,0,C8-D8)))<0.00068287037037037,"",IF(OR(D8="Congé",D8="OFF",C8="",D8="Congé spécial"),"",IF(D8>F8,D8-C8,IF(C8-D8<0,0,C8-D8)))) | K8: =IF(SUM(H8:J8)<0.00068287037037037,0,SUM(H8:J8)) -> 0 | L8: =IF(OR(F8="Congé",F8="OFF",M8="Abs",F8="Congé sans solde",F8="Férié",F8="Congé spécial",D8="Congé spécial"),0,IF(F8-E8<0,0,IF(F8-E8<=0.00068287037037037,0,F8-E8))) -> 0 | M8: =IF(AND(O8<>0,C8=""),"Abs",0) -> 0 | N8: =IFERROR(IF(OR(D8="OFF",D8="Congé",M8="Abs",D8="Congé sans solde",D8="Férié"),"",IF(O8-K8-L8>O8,O8,IF(O8-K8-L8<0,"",O8-K8-L8))),"") -> 0.375 | O8: =IF(AG8="2H Pause déjeuner",IF(F8-D8-0.0833333333333333<0,F8-D8-0.0833333333333333+1,F8-D8-0.0833333333333333),IF(OR(AND(F8="OFF",D8="OFF"),AND(F8="Congé",D8="Congé"),AND(F8="Congé sans solde",D8="Congé sans solde"),AND(F8="Congé spécial",D8="Congé spécial"),AND(F8="Férié",D8="Férié"),AND(F8="OFF",D8="Congé"),AND(F8="OFF",D8="Congé sans solde"),AND(F8="OFF",D8="Congé spécial"),AND(F8="OFF",D8="Férié"),AND(F8="Congé",D8="OFF"),AND(F8="Congé",D8="Congé sans solde"),AND(F8="Congé",D8="Congé spécial"),AND(F8="Congé",D8="Férié"),AND(F8="Congé sans solde",D8="OFF"),AND(F8="Congé sans solde",D8="Congé"),AND(F8="Congé sans solde",D8="Congé spécial"),AND(F8="Congé sans solde",D8="Férié"),AND(F8="Congé spécial",D8="OFF"),AND(F8="Congé spécial",D8="Congé"),AND(F8="Congé spécial",D8="Congé sans solde"),AND(F8="Congé spécial",D8="Férié"),AND(F8="Férié",D8="OFF"),AND(F8="Férié",D8="Congé"),AND(F8="Férié",D8="Congé sans solde"),AND(F8="Férié",D8="Congé spécial")),0,IF(OR(F8="OFF",F8="Congé",F8="Congé spécial",F8="Congé sans solde",D8="OFF",D8="Congé",D8="Congé spécial",D8="Congé sans solde"),0.208333333333334,IF(AND(AG8="",F8-D8<0),("24:00:00"-D8)+("00:00:00"+F8)-0.0416666666666667,IF(AND(OR(AG8="Allaitement",AG8="Sans déjeuner"),F8-D8<0),("24:00:00"-D8)+("00:00:00"+F8),IF(AND(AG8="",F8-D8>0.166666666666667),F8-D8-0.0416666666666667,IF(AND(OR(AG8="Allaitement",AG8="Sans déjeuner"),F8-D8>0.166666666666667),F8-D8,F8-D8))))))) -> 0.375 | P8: =IFERROR(VLOOKUP($B8,Annuaire_roster!$B:$G,MATCH(P$1,Annuaire_roster!$B$1:$G$1,0),0),"-") -> Google Leads | Q8: 44717 | R8: =IF(M8="Abs",O8,0) -> 0 | S8: =SUM(R8,L8,I8,J8,W8,H8) -> 0 | T8: ="Sem - "&WEEKNUM(Q8,21) -> Sem - 23 | U8: =PROPER(TEXT(Q8,"mmmm")) -> Juin | V8: =+TEXT(Q8,"aaa") -> 2026 | X8: =IFERROR(IF(M8="Abs",0,IF((D8-C8+E8-F8)<0.000694444444444444,0,(D8-C8+E8-F8))),0) -> 0 | Y8: =IFERROR(VLOOKUP(B8,Annuaire_roster!B:E,4,0),"-") -> 0 | Z8: =IFERROR(VLOOKUP(B8,Annuaire_roster!B:F,3,0),"-") -> Google Leads | AA8: =IFERROR(VLOOKUP(B8,Annuaire_roster!B:I,6,0),"-") -> 0 | AB8: =IF(AND(D8="Congé",F8="Congé"),0.333333333333333,IF(OR(AND(D8="Congé",F8<>"Congé"),(AND(F8="Congé",D8<>"Congé"))),0.166666666666667,"")) | AC8: =IF(AND(D8="Congé sans solde",F8="Congé sans solde"),0.333333333333333,IF(OR(AND(D8="Congé sans solde",F8<>"Congé sans solde"),(AND(F8="Congé sans solde",D8<>"Congé sans solde"))),0.166666666666667,"")) | AD8: =IF(AND(D8="Congé spécial",F8="Congé spécial"),0.333333333333333,IF(OR(AND(D8="Congé spécial",F8<>"Congé décès"),(AND(F8="Congé spécial",D8<>"Congé spécial"))),0.166666666666667,"")) | AE8: =IF(AND(D8="Férié",F8="Férié"),0.333333333333333,IF(OR(AND(D8="Férié",F8<>"Férié"),(AND(F8="Férié",D8<>"Férié"))),0.166666666666667,""))
A9: =VLOOKUP(B9,Annuaire_roster!B:F,5,0) -> 1165 | B9: MELLAHI YOUSSEF | C9: 0.29166667 | D9: {=IFERROR(INDEX(Planning2[],MATCH(1,(Planning2[Nom]=B9)*(Planning2[Date]=Q9),0),3),"-")} -> 0.29166667 | E9: 0.70833333 | F9: {=IFERROR(INDEX(Planning2[],MATCH(1,(Planning2[Nom]=B9)*(Planning2[Date]=Q9),0),4),"-")} -> 0.70833333 | I9: =IF(IF(OR(C9="",D9="Congé",D9="OFF",D9="Congé spécial"),"",IF(D9>F9,D9-C9,IF(C9-D9<0,0,C9-D9)))<0.00068287037037037,"",IF(OR(D9="Congé",D9="OFF",C9="",D9="Congé spécial"),"",IF(D9>F9,D9-C9,IF(C9-D9<0,0,C9-D9)))) | K9: =IF(SUM(H9:J9)<0.00068287037037037,0,SUM(H9:J9)) -> 0 | L9: =IF(OR(F9="Congé",F9="OFF",M9="Abs",F9="Congé sans solde",F9="Férié",F9="Congé spécial",D9="Congé spécial"),0,IF(F9-E9<0,0,IF(F9-E9<=0.00068287037037037,0,F9-E9))) -> 0 | M9: =IF(AND(O9<>0,C9=""),"Abs",0) -> 0 | N9: =IFERROR(IF(OR(D9="OFF",D9="Congé",M9="Abs",D9="Congé sans solde",D9="Férié"),"",IF(O9-K9-L9>O9,O9,IF(O9-K9-L9<0,"",O9-K9-L9))),"") -> 0.375 | O9: =IF(AG9="2H Pause déjeuner",IF(F9-D9-0.0833333333333333<0,F9-D9-0.0833333333333333+1,F9-D9-0.0833333333333333),IF(OR(AND(F9="OFF",D9="OFF"),AND(F9="Congé",D9="Congé"),AND(F9="Congé sans solde",D9="Congé sans solde"),AND(F9="Congé spécial",D9="Congé spécial"),AND(F9="Férié",D9="Férié"),AND(F9="OFF",D9="Congé"),AND(F9="OFF",D9="Congé sans solde"),AND(F9="OFF",D9="Congé spécial"),AND(F9="OFF",D9="Férié"),AND(F9="Congé",D9="OFF"),AND(F9="Congé",D9="Congé sans solde"),AND(F9="Congé",D9="Congé spécial"),AND(F9="Congé",D9="Férié"),AND(F9="Congé sans solde",D9="OFF"),AND(F9="Congé sans solde",D9="Congé"),AND(F9="Congé sans solde",D9="Congé spécial"),AND(F9="Congé sans solde",D9="Férié"),AND(F9="Congé spécial",D9="OFF"),AND(F9="Congé spécial",D9="Congé"),AND(F9="Congé spécial",D9="Congé sans solde"),AND(F9="Congé spécial",D9="Férié"),AND(F9="Férié",D9="OFF"),AND(F9="Férié",D9="Congé"),AND(F9="Férié",D9="Congé sans solde"),AND(F9="Férié",D9="Congé spécial")),0,IF(OR(F9="OFF",F9="Congé",F9="Congé spécial",F9="Congé sans solde",D9="OFF",D9="Congé",D9="Congé spécial",D9="Congé sans solde"),0.208333333333334,IF(AND(AG9="",F9-D9<0),("24:00:00"-D9)+("00:00:00"+F9)-0.0416666666666667,IF(AND(OR(AG9="Allaitement",AG9="Sans déjeuner"),F9-D9<0),("24:00:00"-D9)+("00:00:00"+F9),IF(AND(AG9="",F9-D9>0.166666666666667),F9-D9-0.0416666666666667,IF(AND(OR(AG9="Allaitement",AG9="Sans déjeuner"),F9-D9>0.166666666666667),F9-D9,F9-D9))))))) -> 0.375 | P9: =IFERROR(VLOOKUP($B9,Annuaire_roster!$B:$G,MATCH(P$1,Annuaire_roster!$B$1:$G$1,0),0),"-") -> Google Leads | Q9: 44717 | R9: =IF(M9="Abs",O9,0) -> 0 | S9: =SUM(R9,L9,I9,J9,W9,H9) -> 0 | T9: ="Sem - "&WEEKNUM(Q9,21) -> Sem - 23 | U9: =PROPER(TEXT(Q9,"mmmm")) -> Juin | V9: =+TEXT(Q9,"aaa") -> 2026 | X9: =IFERROR(IF(M9="Abs",0,IF((D9-C9+E9-F9)<0.000694444444444444,0,(D9-C9+E9-F9))),0) -> 0 | Y9: =IFERROR(VLOOKUP(B9,Annuaire_roster!B:E,4,0),"-") -> OUAQERROUCH Nour-El Houda | Z9: =IFERROR(VLOOKUP(B9,Annuaire_roster!B:F,3,0),"-") -> Google Leads | AA9: =IFERROR(VLOOKUP(B9,Annuaire_roster!B:I,6,0),"-") -> Forfaitaire | AB9: =IF(AND(D9="Congé",F9="Congé"),0.333333333333333,IF(OR(AND(D9="Congé",F9<>"Congé"),(AND(F9="Congé",D9<>"Congé"))),0.166666666666667,"")) | AC9: =IF(AND(D9="Congé sans solde",F9="Congé sans solde"),0.333333333333333,IF(OR(AND(D9="Congé sans solde",F9<>"Congé sans solde"),(AND(F9="Congé sans solde",D9<>"Congé sans solde"))),0.166666666666667,"")) | AD9: =IF(AND(D9="Congé spécial",F9="Congé spécial"),0.333333333333333,IF(OR(AND(D9="Congé spécial",F9<>"Congé décès"),(AND(F9="Congé spécial",D9<>"Congé spécial"))),0.166666666666667,"")) | AE9: =IF(AND(D9="Férié",F9="Férié"),0.333333333333333,IF(OR(AND(D9="Férié",F9<>"Férié"),(AND(F9="Férié",D9<>"Férié"))),0.166666666666667,""))
A10: =VLOOKUP(B10,Annuaire_roster!B:F,5,0) -> 0 | B10: EL HOUJJAJI Soufiane | C10: 0.29166667 | D10: {=IFERROR(INDEX(Planning2[],MATCH(1,(Planning2[Nom]=B10)*(Planning2[Date]=Q10),0),3),"-")} -> 0.29166667 | E10: 0.70833333 | F10: {=IFERROR(INDEX(Planning2[],MATCH(1,(Planning2[Nom]=B10)*(Planning2[Date]=Q10),0),4),"-")} -> 0.70833333 | I10: =IF(IF(OR(C10="",D10="Congé",D10="OFF",D10="Congé spécial"),"",IF(D10>F10,D10-C10,IF(C10-D10<0,0,C10-D10)))<0.00068287037037037,"",IF(OR(D10="Congé",D10="OFF",C10="",D10="Congé spécial"),"",IF(D10>F10,D10-C10,IF(C10-D10<0,0,C10-D10)))) | K10: =IF(SUM(H10:J10)<0.00068287037037037,0,SUM(H10:J10)) -> 0 | L10: =IF(OR(F10="Congé",F10="OFF",M10="Abs",F10="Congé sans solde",F10="Férié",F10="Congé spécial",D10="Congé spécial"),0,IF(F10-E10<0,0,IF(F10-E10<=0.00068287037037037,0,F10-E10))) -> 0 | M10: =IF(AND(O10<>0,C10=""),"Abs",0) -> 0 | N10: =IFERROR(IF(OR(D10="OFF",D10="Congé",M10="Abs",D10="Congé sans solde",D10="Férié"),"",IF(O10-K10-L10>O10,O10,IF(O10-K10-L10<0,"",O10-K10-L10))),"") -> 0.375 | O10: =IF(AG10="2H Pause déjeuner",IF(F10-D10-0.0833333333333333<0,F10-D10-0.0833333333333333+1,F10-D10-0.0833333333333333),IF(OR(AND(F10="OFF",D10="OFF"),AND(F10="Congé",D10="Congé"),AND(F10="Congé sans solde",D10="Congé sans solde"),AND(F10="Congé spécial",D10="Congé spécial"),AND(F10="Férié",D10="Férié"),AND(F10="OFF",D10="Congé"),AND(F10="OFF",D10="Congé sans solde"),AND(F10="OFF",D10="Congé spécial"),AND(F10="OFF",D10="Férié"),AND(F10="Congé",D10="OFF"),AND(F10="Congé",D10="Congé sans solde"),AND(F10="Congé",D10="Congé spécial"),AND(F10="Congé",D10="Férié"),AND(F10="Congé sans solde",D10="OFF"),AND(F10="Congé sans solde",D10="Congé"),AND(F10="Congé sans solde",D10="Congé spécial"),AND(F10="Congé sans solde",D10="Férié"),AND(F10="Congé spécial",D10="OFF"),AND(F10="Congé spécial",D10="Congé"),AND(F10="Congé spécial",D10="Congé sans solde"),AND(F10="Congé spécial",D10="Férié"),AND(F10="Férié",D10="OFF"),AND(F10="Férié",D10="Congé"),AND(F10="Férié",D10="Congé sans solde"),AND(F10="Férié",D10="Congé spécial")),0,IF(OR(F10="OFF",F10="Congé",F10="Congé spécial",F10="Congé sans solde",D10="OFF",D10="Congé",D10="Congé spécial",D10="Congé sans solde"),0.208333333333334,IF(AND(AG10="",F10-D10<0),("24:00:00"-D10)+("00:00:00"+F10)-0.0416666666666667,IF(AND(OR(AG10="Allaitement",AG10="Sans déjeuner"),F10-D10<0),("24:00:00"-D10)+("00:00:00"+F10),IF(AND(AG10="",F10-D10>0.166666666666667),F10-D10-0.0416666666666667,IF(AND(OR(AG10="Allaitement",AG10="Sans déjeuner"),F10-D10>0.166666666666667),F10-D10,F10-D10))))))) -> 0.375 | P10: =IFERROR(VLOOKUP($B10,Annuaire_roster!$B:$G,MATCH(P$1,Annuaire_roster!$B$1:$G$1,0),0),"-") -> Google Leads | Q10: 44717 | R10: =IF(M10="Abs",O10,0) -> 0 | S10: =SUM(R10,L10,I10,J10,W10,H10) -> 0 | T10: ="Sem - "&WEEKNUM(Q10,21) -> Sem - 23 | U10: =PROPER(TEXT(Q10,"mmmm")) -> Juin | V10: =+TEXT(Q10,"aaa") -> 2026 | X10: =IFERROR(IF(M10="Abs",0,IF((D10-C10+E10-F10)<0.000694444444444444,0,(D10-C10+E10-F10))),0) -> 0 | Y10: =IFERROR(VLOOKUP(B10,Annuaire_roster!B:E,4,0),"-") -> CHOUIFI Mustapha | Z10: =IFERROR(VLOOKUP(B10,Annuaire_roster!B:F,3,0),"-") -> Google Leads | AA10: =IFERROR(VLOOKUP(B10,Annuaire_roster!B:I,6,0),"-") -> Forfaitaire | AB10: =IF(AND(D10="Congé",F10="Congé"),0.333333333333333,IF(OR(AND(D10="Congé",F10<>"Congé"),(AND(F10="Congé",D10<>"Congé"))),0.166666666666667,"")) | AC10: =IF(AND(D10="Congé sans solde",F10="Congé sans solde"),0.333333333333333,IF(OR(AND(D10="Congé sans solde",F10<>"Congé sans solde"),(AND(F10="Congé sans solde",D10<>"Congé sans solde"))),0.166666666666667,"")) | AD10: =IF(AND(D10="Congé spécial",F10="Congé spécial"),0.333333333333333,IF(OR(AND(D10="Congé spécial",F10<>"Congé décès"),(AND(F10="Congé spécial",D10<>"Congé spécial"))),0.166666666666667,"")) | AE10: =IF(AND(D10="Férié",F10="Férié"),0.333333333333333,IF(OR(AND(D10="Férié",F10<>"Férié"),(AND(F10="Férié",D10<>"Férié"))),0.166666666666667,""))
A11: =VLOOKUP(B11,Annuaire_roster!B:F,5,0) -> 0 | B11: BOURABAA HASSAN | C11: 0.28402778 | D11: {=IFERROR(INDEX(Planning2[],MATCH(1,(Planning2[Nom]=B11)*(Planning2[Date]=Q11),0),3),"-")} -> 0.29166667 | E11: 0.70833333 | F11: {=IFERROR(INDEX(Planning2[],MATCH(1,(Planning2[Nom]=B11)*(Planning2[Date]=Q11),0),4),"-")} -> 0.70833333 | I11: =IF(IF(OR(C11="",D11="Congé",D11="OFF",D11="Congé spécial"),"",IF(D11>F11,D11-C11,IF(C11-D11<0,0,C11-D11)))<0.00068287037037037,"",IF(OR(D11="Congé",D11="OFF",C11="",D11="Congé spécial"),"",IF(D11>F11,D11-C11,IF(C11-D11<0,0,C11-D11)))) | K11: =IF(SUM(H11:J11)<0.00068287037037037,0,SUM(H11:J11)) -> 0 | L11: =IF(OR(F11="Congé",F11="OFF",M11="Abs",F11="Congé sans solde",F11="Férié",F11="Congé spécial",D11="Congé spécial"),0,IF(F11-E11<0,0,IF(F11-E11<=0.00068287037037037,0,F11-E11))) -> 0 | M11: =IF(AND(O11<>0,C11=""),"Abs",0) -> 0 | N11: =IFERROR(IF(OR(D11="OFF",D11="Congé",M11="Abs",D11="Congé sans solde",D11="Férié"),"",IF(O11-K11-L11>O11,O11,IF(O11-K11-L11<0,"",O11-K11-L11))),"") -> 0.375 | O11: =IF(AG11="2H Pause déjeuner",IF(F11-D11-0.0833333333333333<0,F11-D11-0.0833333333333333+1,F11-D11-0.0833333333333333),IF(OR(AND(F11="OFF",D11="OFF"),AND(F11="Congé",D11="Congé"),AND(F11="Congé sans solde",D11="Congé sans solde"),AND(F11="Congé spécial",D11="Congé spécial"),AND(F11="Férié",D11="Férié"),AND(F11="OFF",D11="Congé"),AND(F11="OFF",D11="Congé sans solde"),AND(F11="OFF",D11="Congé spécial"),AND(F11="OFF",D11="Férié"),AND(F11="Congé",D11="OFF"),AND(F11="Congé",D11="Congé sans solde"),AND(F11="Congé",D11="Congé spécial"),AND(F11="Congé",D11="Férié"),AND(F11="Congé sans solde",D11="OFF"),AND(F11="Congé sans solde",D11="Congé"),AND(F11="Congé sans solde",D11="Congé spécial"),AND(F11="Congé sans solde",D11="Férié"),AND(F11="Congé spécial",D11="OFF"),AND(F11="Congé spécial",D11="Congé"),AND(F11="Congé spécial",D11="Congé sans solde"),AND(F11="Congé spécial",D11="Férié"),AND(F11="Férié",D11="OFF"),AND(F11="Férié",D11="Congé"),AND(F11="Férié",D11="Congé sans solde"),AND(F11="Férié",D11="Congé spécial")),0,IF(OR(F11="OFF",F11="Congé",F11="Congé spécial",F11="Congé sans solde",D11="OFF",D11="Congé",D11="Congé spécial",D11="Congé sans solde"),0.208333333333334,IF(AND(AG11="",F11-D11<0),("24:00:00"-D11)+("00:00:00"+F11)-0.0416666666666667,IF(AND(OR(AG11="Allaitement",AG11="Sans déjeuner"),F11-D11<0),("24:00:00"-D11)+("00:00:00"+F11),IF(AND(AG11="",F11-D11>0.166666666666667),F11-D11-0.0416666666666667,IF(AND(OR(AG11="Allaitement",AG11="Sans déjeuner"),F11-D11>0.166666666666667),F11-D11,F11-D11))))))) -> 0.375 | P11: =IFERROR(VLOOKUP($B11,Annuaire_roster!$B:$G,MATCH(P$1,Annuaire_roster!$B$1:$G$1,0),0),"-") -> Google Leads | Q11: 44717 | R11: =IF(M11="Abs",O11,0) -> 0 | S11: =SUM(R11,L11,I11,J11,W11,H11) -> 0 | T11: ="Sem - "&WEEKNUM(Q11,21) -> Sem - 23 | U11: =PROPER(TEXT(Q11,"mmmm")) -> Juin | V11: =+TEXT(Q11,"aaa") -> 2026 | X11: =IFERROR(IF(M11="Abs",0,IF((D11-C11+E11-F11)<0.000694444444444444,0,(D11-C11+E11-F11))),0) -> 0.0076388889 | Y11: =IFERROR(VLOOKUP(B11,Annuaire_roster!B:E,4,0),"-") -> 0 | Z11: =IFERROR(VLOOKUP(B11,Annuaire_roster!B:F,3,0),"-") -> Google Leads | AA11: =IFERROR(VLOOKUP(B11,Annuaire_roster!B:I,6,0),"-") -> 0 | AB11: =IF(AND(D11="Congé",F11="Congé"),0.333333333333333,IF(OR(AND(D11="Congé",F11<>"Congé"),(AND(F11="Congé",D11<>"Congé"))),0.166666666666667,"")) | AC11: =IF(AND(D11="Congé sans solde",F11="Congé sans solde"),0.333333333333333,IF(OR(AND(D11="Congé sans solde",F11<>"Congé sans solde"),(AND(F11="Congé sans solde",D11<>"Congé sans solde"))),0.166666666666667,"")) | AD11: =IF(AND(D11="Congé spécial",F11="Congé spécial"),0.333333333333333,IF(OR(AND(D11="Congé spécial",F11<>"Congé décès"),(AND(F11="Congé spécial",D11<>"Congé spécial"))),0.166666666666667,"")) | AE11: =IF(AND(D11="Férié",F11="Férié"),0.333333333333333,IF(OR(AND(D11="Férié",F11<>"Férié"),(AND(F11="Férié",D11<>"Férié"))),0.166666666666667,""))
A12: =VLOOKUP(B12,Annuaire_roster!B:F,5,0) -> 364 | B12: EL-AOUAQUI BOUCHRA | C12: 0.41388889 | D12: {=IFERROR(INDEX(Planning2[],MATCH(1,(Planning2[Nom]=B12)*(Planning2[Date]=Q12),0),3),"-")} -> 0.41666667 | E12: 0.83333333 | F12: {=IFERROR(INDEX(Planning2[],MATCH(1,(Planning2[Nom]=B12)*(Planning2[Date]=Q12),0),4),"-")} -> 0.83333333 | I12: =IF(IF(OR(C12="",D12="Congé",D12="OFF",D12="Congé spécial"),"",IF(D12>F12,D12-C12,IF(C12-D12<0,0,C12-D12)))<0.00068287037037037,"",IF(OR(D12="Congé",D12="OFF",C12="",D12="Congé spécial"),"",IF(D12>F12,D12-C12,IF(C12-D12<0,0,C12-D12)))) | K12: =IF(SUM(H12:J12)<0.00068287037037037,0,SUM(H12:J12)) -> 0 | L12: =IF(OR(F12="Congé",F12="OFF",M12="Abs",F12="Congé sans solde",F12="Férié",F12="Congé spécial",D12="Congé spécial"),0,IF(F12-E12<0,0,IF(F12-E12<=0.00068287037037037,0,F12-E12))) -> 0 | M12: =IF(AND(O12<>0,C12=""),"Abs",0) -> 0 | N12: =IFERROR(IF(OR(D12="OFF",D12="Congé",M12="Abs",D12="Congé sans solde",D12="Férié"),"",IF(O12-K12-L12>O12,O12,IF(O12-K12-L12<0,"",O12-K12-L12))),"") -> 0.375 | O12: =IF(AG12="2H Pause déjeuner",IF(F12-D12-0.0833333333333333<0,F12-D12-0.0833333333333333+1,F12-D12-0.0833333333333333),IF(OR(AND(F12="OFF",D12="OFF"),AND(F12="Congé",D12="Congé"),AND(F12="Congé sans solde",D12="Congé sans solde"),AND(F12="Congé spécial",D12="Congé spécial"),AND(F12="Férié",D12="Férié"),AND(F12="OFF",D12="Congé"),AND(F12="OFF",D12="Congé sans solde"),AND(F12="OFF",D12="Congé spécial"),AND(F12="OFF",D12="Férié"),AND(F12="Congé",D12="OFF"),AND(F12="Congé",D12="Congé sans solde"),AND(F12="Congé",D12="Congé spécial"),AND(F12="Congé",D12="Férié"),AND(F12="Congé sans solde",D12="OFF"),AND(F12="Congé sans solde",D12="Congé"),AND(F12="Congé sans solde",D12="Congé spécial"),AND(F12="Congé sans solde",D12="Férié"),AND(F12="Congé spécial",D12="OFF"),AND(F12="Congé spécial",D12="Congé"),AND(F12="Congé spécial",D12="Congé sans solde"),AND(F12="Congé spécial",D12="Férié"),AND(F12="Férié",D12="OFF"),AND(F12="Férié",D12="Congé"),AND(F12="Férié",D12="Congé sans solde"),AND(F12="Férié",D12="Congé spécial")),0,IF(OR(F12="OFF",F12="Congé",F12="Congé spécial",F12="Congé sans solde",D12="OFF",D12="Congé",D12="Congé spécial",D12="Congé sans solde"),0.208333333333334,IF(AND(AG12="",F12-D12<0),("24:00:00"-D12)+("00:00:00"+F12)-0.0416666666666667,IF(AND(OR(AG12="Allaitement",AG12="Sans déjeuner"),F12-D12<0),("24:00:00"-D12)+("00:00:00"+F12),IF(AND(AG12="",F12-D12>0.166666666666667),F12-D12-0.0416666666666667,IF(AND(OR(AG12="Allaitement",AG12="Sans déjeuner"),F12-D12>0.166666666666667),F12-D12,F12-D12))))))) -> 0.375 | P12: =IFERROR(VLOOKUP($B12,Annuaire_roster!$B:$G,MATCH(P$1,Annuaire_roster!$B$1:$G$1,0),0),"-") -> Google Leads | Q12: 44717 | R12: =IF(M12="Abs",O12,0) -> 0 | S12: =SUM(R12,L12,I12,J12,W12,H12) -> 0 | T12: ="Sem - "&WEEKNUM(Q12,21) -> Sem - 23 | U12: =PROPER(TEXT(Q12,"mmmm")) -> Juin | V12: =+TEXT(Q12,"aaa") -> 2026 | X12: =IFERROR(IF(M12="Abs",0,IF((D12-C12+E12-F12)<0.000694444444444444,0,(D12-C12+E12-F12))),0) -> 0.0027777778 | Y12: =IFERROR(VLOOKUP(B12,Annuaire_roster!B:E,4,0),"-") -> OUAQERROUCH Nour-El Houda | Z12: =IFERROR(VLOOKUP(B12,Annuaire_roster!B:F,3,0),"-") -> Google Leads | AA12: =IFERROR(VLOOKUP(B12,Annuaire_roster!B:I,6,0),"-") -> Forfaitaire | AB12: =IF(AND(D12="Congé",F12="Congé"),0.333333333333333,IF(OR(AND(D12="Congé",F12<>"Congé"),(AND(F12="Congé",D12<>"Congé"))),0.166666666666667,"")) | AC12: =IF(AND(D12="Congé sans solde",F12="Congé sans solde"),0.333333333333333,IF(OR(AND(D12="Congé sans solde",F12<>"Congé sans solde"),(AND(F12="Congé sans solde",D12<>"Congé sans solde"))),0.166666666666667,"")) | AD12: =IF(AND(D12="Congé spécial",F12="Congé spécial"),0.333333333333333,IF(OR(AND(D12="Congé spécial",F12<>"Congé décès"),(AND(F12="Congé spécial",D12<>"Congé spécial"))),0.166666666666667,"")) | AE12: =IF(AND(D12="Férié",F12="Férié"),0.333333333333333,IF(OR(AND(D12="Férié",F12<>"Férié"),(AND(F12="Férié",D12<>"Férié"))),0.166666666666667,""))
A13: =VLOOKUP(B13,Annuaire_roster!B:F,5,0) -> 1009 | B13: ZITOUNI LAMYA | C13: 0.41597222 | D13: {=IFERROR(INDEX(Planning2[],MATCH(1,(Planning2[Nom]=B13)*(Planning2[Date]=Q13),0),3),"-")} -> 0.41666667 | E13: 0.83333333 | F13: {=IFERROR(INDEX(Planning2[],MATCH(1,(Planning2[Nom]=B13)*(Planning2[Date]=Q13),0),4),"-")} -> 0.83333333 | I13: =IF(IF(OR(C13="",D13="Congé",D13="OFF",D13="Congé spécial"),"",IF(D13>F13,D13-C13,IF(C13-D13<0,0,C13-D13)))<0.00068287037037037,"",IF(OR(D13="Congé",D13="OFF",C13="",D13="Congé spécial"),"",IF(D13>F13,D13-C13,IF(C13-D13<0,0,C13-D13)))) | K13: =IF(SUM(H13:J13)<0.00068287037037037,0,SUM(H13:J13)) -> 0 | L13: =IF(OR(F13="Congé",F13="OFF",M13="Abs",F13="Congé sans solde",F13="Férié",F13="Congé spécial",D13="Congé spécial"),0,IF(F13-E13<0,0,IF(F13-E13<=0.00068287037037037,0,F13-E13))) -> 0 | M13: =IF(AND(O13<>0,C13=""),"Abs",0) -> 0 | N13: =IFERROR(IF(OR(D13="OFF",D13="Congé",M13="Abs",D13="Congé sans solde",D13="Férié"),"",IF(O13-K13-L13>O13,O13,IF(O13-K13-L13<0,"",O13-K13-L13))),"") -> 0.375 | O13: =IF(AG13="2H Pause déjeuner",IF(F13-D13-0.0833333333333333<0,F13-D13-0.0833333333333333+1,F13-D13-0.0833333333333333),IF(OR(AND(F13="OFF",D13="OFF"),AND(F13="Congé",D13="Congé"),AND(F13="Congé sans solde",D13="Congé sans solde"),AND(F13="Congé spécial",D13="Congé spécial"),AND(F13="Férié",D13="Férié"),AND(F13="OFF",D13="Congé"),AND(F13="OFF",D13="Congé sans solde"),AND(F13="OFF",D13="Congé spécial"),AND(F13="OFF",D13="Férié"),AND(F13="Congé",D13="OFF"),AND(F13="Congé",D13="Congé sans solde"),AND(F13="Congé",D13="Congé spécial"),AND(F13="Congé",D13="Férié"),AND(F13="Congé sans solde",D13="OFF"),AND(F13="Congé sans solde",D13="Congé"),AND(F13="Congé sans solde",D13="Congé spécial"),AND(F13="Congé sans solde",D13="Férié"),AND(F13="Congé spécial",D13="OFF"),AND(F13="Congé spécial",D13="Congé"),AND(F13="Congé spécial",D13="Congé sans solde"),AND(F13="Congé spécial",D13="Férié"),AND(F13="Férié",D13="OFF"),AND(F13="Férié",D13="Congé"),AND(F13="Férié",D13="Congé sans solde"),AND(F13="Férié",D13="Congé spécial")),0,IF(OR(F13="OFF",F13="Congé",F13="Congé spécial",F13="Congé sans solde",D13="OFF",D13="Congé",D13="Congé spécial",D13="Congé sans solde"),0.208333333333334,IF(AND(AG13="",F13-D13<0),("24:00:00"-D13)+("00:00:00"+F13)-0.0416666666666667,IF(AND(OR(AG13="Allaitement",AG13="Sans déjeuner"),F13-D13<0),("24:00:00"-D13)+("00:00:00"+F13),IF(AND(AG13="",F13-D13>0.166666666666667),F13-D13-0.0416666666666667,IF(AND(OR(AG13="Allaitement",AG13="Sans déjeuner"),F13-D13>0.166666666666667),F13-D13,F13-D13))))))) -> 0.375 | P13: =IFERROR(VLOOKUP($B13,Annuaire_roster!$B:$G,MATCH(P$1,Annuaire_roster!$B$1:$G$1,0),0),"-") -> Google Leads | Q13: 44717 | R13: =IF(M13="Abs",O13,0) -> 0 | S13: =SUM(R13,L13,I13,J13,W13,H13) -> 0 | T13: ="Sem - "&WEEKNUM(Q13,21) -> Sem - 23 | U13: =PROPER(TEXT(Q13,"mmmm")) -> Juin | V13: =+TEXT(Q13,"aaa") -> 2026 | X13: =IFERROR(IF(M13="Abs",0,IF((D13-C13+E13-F13)<0.000694444444444444,0,(D13-C13+E13-F13))),0) -> 0 | Y13: =IFERROR(VLOOKUP(B13,Annuaire_roster!B:E,4,0),"-") -> OUAQERROUCH Nour-El Houda | Z13: =IFERROR(VLOOKUP(B13,Annuaire_roster!B:F,3,0),"-") -> Google Leads | AA13: =IFERROR(VLOOKUP(B13,Annuaire_roster!B:I,6,0),"-") -> Forfaitaire | AB13: =IF(AND(D13="Congé",F13="Congé"),0.333333333333333,IF(OR(AND(D13="Congé",F13<>"Congé"),(AND(F13="Congé",D13<>"Congé"))),0.166666666666667,"")) | AC13: =IF(AND(D13="Congé sans solde",F13="Congé sans solde"),0.333333333333333,IF(OR(AND(D13="Congé sans solde",F13<>"Congé sans solde"),(AND(F13="Congé sans solde",D13<>"Congé sans solde"))),0.166666666666667,"")) | AD13: =IF(AND(D13="Congé spécial",F13="Congé spécial"),0.333333333333333,IF(OR(AND(D13="Congé spécial",F13<>"Congé décès"),(AND(F13="Congé spécial",D13<>"Congé spécial"))),0.166666666666667,"")) | AE13: =IF(AND(D13="Férié",F13="Férié"),0.333333333333333,IF(OR(AND(D13="Férié",F13<>"Férié"),(AND(F13="Férié",D13<>"Férié"))),0.166666666666667,""))
... A20: =VLOOKUP(B20,Annuaire_roster!B:F,5,0) -> 0 | B20: AINELKITANE ZINEB | C20: 0.41597222 | D20: {=IFERROR(INDEX(Planning2[],MATCH(1,(Planning2[Nom]=B20)*(Planning2[Date]=Q20),0),3),"-")} -> 0.41666667 | E20: 0.83333333 | F20: {=IFERROR(INDEX(Planning2[],MATCH(1,(Planning2[Nom]=B20)*(Planning2[Date]=Q20),0),4),"-")} -> 0.83333333 | I20: =IF(IF(OR(C20="",D20="Congé",D20="OFF",D20="Congé spécial"),"",IF(D20>F20,D20-C20,IF(C20-D20<0,0,C20-D20)))<0.00068287037037037,"",IF(OR(D20="Congé",D20="OFF",C20="",D20="Congé spécial"),"",IF(D20>F20,D20-C20,IF(C20-D20<0,0,C20-D20)))) | K20: =IF(SUM(H20:J20)<0.00068287037037037,0,SUM(H20:J20)) -> 0 | L20: =IF(OR(F20="Congé",F20="OFF",M20="Abs",F20="Congé sans solde",F20="Férié",F20="Congé spécial",D20="Congé spécial"),0,IF(F20-E20<0,0,IF(F20-E20<=0.00068287037037037,0,F20-E20))) -> 0 | M20: =IF(AND(O20<>0,C20=""),"Abs",0) -> 0 | N20: =IFERROR(IF(OR(D20="OFF",D20="Congé",M20="Abs",D20="Congé sans solde",D20="Férié"),"",IF(O20-K20-L20>O20,O20,IF(O20-K20-L20<0,"",O20-K20-L20))),"") -> 0.375 | O20: =IF(AG20="2H Pause déjeuner",IF(F20-D20-0.0833333333333333<0,F20-D20-0.0833333333333333+1,F20-D20-0.0833333333333333),IF(OR(AND(F20="OFF",D20="OFF"),AND(F20="Congé",D20="Congé"),AND(F20="Congé sans solde",D20="Congé sans solde"),AND(F20="Congé spécial",D20="Congé spécial"),AND(F20="Férié",D20="Férié"),AND(F20="OFF",D20="Congé"),AND(F20="OFF",D20="Congé sans solde"),AND(F20="OFF",D20="Congé spécial"),AND(F20="OFF",D20="Férié"),AND(F20="Congé",D20="OFF"),AND(F20="Congé",D20="Congé sans solde"),AND(F20="Congé",D20="Congé spécial"),AND(F20="Congé",D20="Férié"),AND(F20="Congé sans solde",D20="OFF"),AND(F20="Congé sans solde",D20="Congé"),AND(F20="Congé sans solde",D20="Congé spécial"),AND(F20="Congé sans solde",D20="Férié"),AND(F20="Congé spécial",D20="OFF"),AND(F20="Congé spécial",D20="Congé"),AND(F20="Congé spécial",D20="Congé sans solde"),AND(F20="Congé spécial",D20="Férié"),AND(F20="Férié",D20="OFF"),AND(F20="Férié",D20="Congé"),AND(F20="Férié",D20="Congé sans solde"),AND(F20="Férié",D20="Congé spécial")),0,IF(OR(F20="OFF",F20="Congé",F20="Congé spécial",F20="Congé sans solde",D20="OFF",D20="Congé",D20="Congé spécial",D20="Congé sans solde"),0.208333333333334,IF(AND(AG20="",F20-D20<0),("24:00:00"-D20)+("00:00:00"+F20)-0.0416666666666667,IF(AND(OR(AG20="Allaitement",AG20="Sans déjeuner"),F20-D20<0),("24:00:00"-D20)+("00:00:00"+F20),IF(AND(AG20="",F20-D20>0.166666666666667),F20-D20-0.0416666666666667,IF(AND(OR(AG20="Allaitement",AG20="Sans déjeuner"),F20-D20>0.166666666666667),F20-D20,F20-D20))))))) -> 0.375 | P20: =IFERROR(VLOOKUP($B20,Annuaire_roster!$B:$G,MATCH(P$1,Annuaire_roster!$B$1:$G$1,0),0),"-") -> Google Leads | Q20: 44717 | R20: =IF(M20="Abs",O20,0) -> 0 | S20: =SUM(R20,L20,I20,J20,W20,H20) -> 0 | T20: ="Sem - "&WEEKNUM(Q20,21) -> Sem - 23 | U20: =PROPER(TEXT(Q20,"mmmm")) -> Juin | V20: =+TEXT(Q20,"aaa") -> 2026 | X20: =IFERROR(IF(M20="Abs",0,IF((D20-C20+E20-F20)<0.000694444444444444,0,(D20-C20+E20-F20))),0) -> 0 | Y20: =IFERROR(VLOOKUP(B20,Annuaire_roster!B:E,4,0),"-") -> 0 | Z20: =IFERROR(VLOOKUP(B20,Annuaire_roster!B:F,3,0),"-") -> Google Leads | AA20: =IFERROR(VLOOKUP(B20,Annuaire_roster!B:I,6,0),"-") -> 0 | AB20: =IF(AND(D20="Congé",F20="Congé"),0.333333333333333,IF(OR(AND(D20="Congé",F20<>"Congé"),(AND(F20="Congé",D20<>"Congé"))),0.166666666666667,"")) | AC20: =IF(AND(D20="Congé sans solde",F20="Congé sans solde"),0.333333333333333,IF(OR(AND(D20="Congé sans solde",F20<>"Congé sans solde"),(AND(F20="Congé sans solde",D20<>"Congé sans solde"))),0.166666666666667,"")) | AD20: =IF(AND(D20="Congé spécial",F20="Congé spécial"),0.333333333333333,IF(OR(AND(D20="Congé spécial",F20<>"Congé décès"),(AND(F20="Congé spécial",D20<>"Congé spécial"))),0.166666666666667,"")) | AE20: =IF(AND(D20="Férié",F20="Férié"),0.333333333333333,IF(OR(AND(D20="Férié",F20<>"Férié"),(AND(F20="Férié",D20<>"Férié"))),0.166666666666667,""))
A21: =VLOOKUP(B21,Annuaire_roster!B:F,5,0) -> 1132 | B21: AIT LARBI HIND | C21: 0.29166667 | D21: 0.29166667 | E21: 0.70833333 | F21: {=IFERROR(INDEX(Planning2[],MATCH(1,(Planning2[Nom]=B21)*(Planning2[Date]=Q21),0),4),"-")} -> 0.70833333 | I21: =IF(IF(OR(C21="",D21="Congé",D21="OFF",D21="Congé spécial"),"",IF(D21>F21,D21-C21,IF(C21-D21<0,0,C21-D21)))<0.00068287037037037,"",IF(OR(D21="Congé",D21="OFF",C21="",D21="Congé spécial"),"",IF(D21>F21,D21-C21,IF(C21-D21<0,0,C21-D21)))) | K21: =IF(SUM(H21:J21)<0.00068287037037037,0,SUM(H21:J21)) -> 0 | L21: =IF(OR(F21="Congé",F21="OFF",M21="Abs",F21="Congé sans solde",F21="Férié",F21="Congé spécial",D21="Congé spécial"),0,IF(F21-E21<0,0,IF(F21-E21<=0.00068287037037037,0,F21-E21))) -> 0 | M21: =IF(AND(O21<>0,C21=""),"Abs",0) -> 0 | N21: =IFERROR(IF(OR(D21="OFF",D21="Congé",M21="Abs",D21="Congé sans solde",D21="Férié"),"",IF(O21-K21-L21>O21,O21,IF(O21-K21-L21<0,"",O21-K21-L21))),"") -> 0.375 | O21: =IF(AG21="2H Pause déjeuner",IF(F21-D21-0.0833333333333333<0,F21-D21-0.0833333333333333+1,F21-D21-0.0833333333333333),IF(OR(AND(F21="OFF",D21="OFF"),AND(F21="Congé",D21="Congé"),AND(F21="Congé sans solde",D21="Congé sans solde"),AND(F21="Congé spécial",D21="Congé spécial"),AND(F21="Férié",D21="Férié"),AND(F21="OFF",D21="Congé"),AND(F21="OFF",D21="Congé sans solde"),AND(F21="OFF",D21="Congé spécial"),AND(F21="OFF",D21="Férié"),AND(F21="Congé",D21="OFF"),AND(F21="Congé",D21="Congé sans solde"),AND(F21="Congé",D21="Congé spécial"),AND(F21="Congé",D21="Férié"),AND(F21="Congé sans solde",D21="OFF"),AND(F21="Congé sans solde",D21="Congé"),AND(F21="Congé sans solde",D21="Congé spécial"),AND(F21="Congé sans solde",D21="Férié"),AND(F21="Congé spécial",D21="OFF"),AND(F21="Congé spécial",D21="Congé"),AND(F21="Congé spécial",D21="Congé sans solde"),AND(F21="Congé spécial",D21="Férié"),AND(F21="Férié",D21="OFF"),AND(F21="Férié",D21="Congé"),AND(F21="Férié",D21="Congé sans solde"),AND(F21="Férié",D21="Congé spécial")),0,IF(OR(F21="OFF",F21="Congé",F21="Congé spécial",F21="Congé sans solde",D21="OFF",D21="Congé",D21="Congé spécial",D21="Congé sans solde"),0.208333333333334,IF(AND(AG21="",F21-D21<0),("24:00:00"-D21)+("00:00:00"+F21)-0.0416666666666667,IF(AND(OR(AG21="Allaitement",AG21="Sans déjeuner"),F21-D21<0),("24:00:00"-D21)+("00:00:00"+F21),IF(AND(AG21="",F21-D21>0.166666666666667),F21-D21-0.0416666666666667,IF(AND(OR(AG21="Allaitement",AG21="Sans déjeuner"),F21-D21>0.166666666666667),F21-D21,F21-D21))))))) -> 0.375 | P21: =IFERROR(VLOOKUP($B21,Annuaire_roster!$B:$G,MATCH(P$1,Annuaire_roster!$B$1:$G$1,0),0),"-") -> Google Leads | Q21: 44717 | R21: =IF(M21="Abs",O21,0) -> 0 | S21: =SUM(R21,L21,I21,J21,W21,H21) -> 0 | T21: ="Sem - "&WEEKNUM(Q21,21) -> Sem - 23 | U21: =PROPER(TEXT(Q21,"mmmm")) -> Juin | V21: =+TEXT(Q21,"aaa") -> 2026 | X21: =IFERROR(IF(M21="Abs",0,IF((D21-C21+E21-F21)<0.000694444444444444,0,(D21-C21+E21-F21))),0) -> 0 | Y21: =IFERROR(VLOOKUP(B21,Annuaire_roster!B:E,4,0),"-") -> CHOUIFI Mustapha | Z21: =IFERROR(VLOOKUP(B21,Annuaire_roster!B:F,3,0),"-") -> Google Leads | AA21: =IFERROR(VLOOKUP(B21,Annuaire_roster!B:I,6,0),"-") -> Forfaitaire | AB21: =IF(AND(D21="Congé",F21="Congé"),0.333333333333333,IF(OR(AND(D21="Congé",F21<>"Congé"),(AND(F21="Congé",D21<>"Congé"))),0.166666666666667,"")) | AC21: =IF(AND(D21="Congé sans solde",F21="Congé sans solde"),0.333333333333333,IF(OR(AND(D21="Congé sans solde",F21<>"Congé sans solde"),(AND(F21="Congé sans solde",D21<>"Congé sans solde"))),0.166666666666667,"")) | AD21: =IF(AND(D21="Congé spécial",F21="Congé spécial"),0.333333333333333,IF(OR(AND(D21="Congé spécial",F21<>"Congé décès"),(AND(F21="Congé spécial",D21<>"Congé spécial"))),0.166666666666667,"")) | AE21: =IF(AND(D21="Férié",F21="Férié"),0.333333333333333,IF(OR(AND(D21="Férié",F21<>"Férié"),(AND(F21="Férié",D21<>"Férié"))),0.166666666666667,""))
A22: =VLOOKUP(B22,Annuaire_roster!B:F,5,0) -> 1154 | B22: KANTAOUI SALMA | C22: 0.29166667 | D22: 0.29166667 | E22: 0.70833333 | F22: {=IFERROR(INDEX(Planning2[],MATCH(1,(Planning2[Nom]=B22)*(Planning2[Date]=Q22),0),4),"-")} -> 0.70833333 | I22: =IF(IF(OR(C22="",D22="Congé",D22="OFF",D22="Congé spécial"),"",IF(D22>F22,D22-C22,IF(C22-D22<0,0,C22-D22)))<0.00068287037037037,"",IF(OR(D22="Congé",D22="OFF",C22="",D22="Congé spécial"),"",IF(D22>F22,D22-C22,IF(C22-D22<0,0,C22-D22)))) | K22: =IF(SUM(H22:J22)<0.00068287037037037,0,SUM(H22:J22)) -> 0 | L22: =IF(OR(F22="Congé",F22="OFF",M22="Abs",F22="Congé sans solde",F22="Férié",F22="Congé spécial",D22="Congé spécial"),0,IF(F22-E22<0,0,IF(F22-E22<=0.00068287037037037,0,F22-E22))) -> 0 | M22: =IF(AND(O22<>0,C22=""),"Abs",0) -> 0 | N22: =IFERROR(IF(OR(D22="OFF",D22="Congé",M22="Abs",D22="Congé sans solde",D22="Férié"),"",IF(O22-K22-L22>O22,O22,IF(O22-K22-L22<0,"",O22-K22-L22))),"") -> 0.375 | O22: =IF(AG22="2H Pause déjeuner",IF(F22-D22-0.0833333333333333<0,F22-D22-0.0833333333333333+1,F22-D22-0.0833333333333333),IF(OR(AND(F22="OFF",D22="OFF"),AND(F22="Congé",D22="Congé"),AND(F22="Congé sans solde",D22="Congé sans solde"),AND(F22="Congé spécial",D22="Congé spécial"),AND(F22="Férié",D22="Férié"),AND(F22="OFF",D22="Congé"),AND(F22="OFF",D22="Congé sans solde"),AND(F22="OFF",D22="Congé spécial"),AND(F22="OFF",D22="Férié"),AND(F22="Congé",D22="OFF"),AND(F22="Congé",D22="Congé sans solde"),AND(F22="Congé",D22="Congé spécial"),AND(F22="Congé",D22="Férié"),AND(F22="Congé sans solde",D22="OFF"),AND(F22="Congé sans solde",D22="Congé"),AND(F22="Congé sans solde",D22="Congé spécial"),AND(F22="Congé sans solde",D22="Férié"),AND(F22="Congé spécial",D22="OFF"),AND(F22="Congé spécial",D22="Congé"),AND(F22="Congé spécial",D22="Congé sans solde"),AND(F22="Congé spécial",D22="Férié"),AND(F22="Férié",D22="OFF"),AND(F22="Férié",D22="Congé"),AND(F22="Férié",D22="Congé sans solde"),AND(F22="Férié",D22="Congé spécial")),0,IF(OR(F22="OFF",F22="Congé",F22="Congé spécial",F22="Congé sans solde",D22="OFF",D22="Congé",D22="Congé spécial",D22="Congé sans solde"),0.208333333333334,IF(AND(AG22="",F22-D22<0),("24:00:00"-D22)+("00:00:00"+F22)-0.0416666666666667,IF(AND(OR(AG22="Allaitement",AG22="Sans déjeuner"),F22-D22<0),("24:00:00"-D22)+("00:00:00"+F22),IF(AND(AG22="",F22-D22>0.166666666666667),F22-D22-0.0416666666666667,IF(AND(OR(AG22="Allaitement",AG22="Sans déjeuner"),F22-D22>0.166666666666667),F22-D22,F22-D22))))))) -> 0.375 | P22: =IFERROR(VLOOKUP($B22,Annuaire_roster!$B:$G,MATCH(P$1,Annuaire_roster!$B$1:$G$1,0),0),"-") -> Google Leads | Q22: 44717 | R22: =IF(M22="Abs",O22,0) -> 0 | S22: =SUM(R22,L22,I22,J22,W22,H22) -> 0 | T22: ="Sem - "&WEEKNUM(Q22,21) -> Sem - 23 | U22: =PROPER(TEXT(Q22,"mmmm")) -> Juin | V22: =+TEXT(Q22,"aaa") -> 2026 | X22: =IFERROR(IF(M22="Abs",0,IF((D22-C22+E22-F22)<0.000694444444444444,0,(D22-C22+E22-F22))),0) -> 0 | Y22: =IFERROR(VLOOKUP(B22,Annuaire_roster!B:E,4,0),"-") -> CHOUIFI Mustapha | Z22: =IFERROR(VLOOKUP(B22,Annuaire_roster!B:F,3,0),"-") -> Google Leads | AA22: =IFERROR(VLOOKUP(B22,Annuaire_roster!B:I,6,0),"-") -> Forfaitaire | AB22: =IF(AND(D22="Congé",F22="Congé"),0.333333333333333,IF(OR(AND(D22="Congé",F22<>"Congé"),(AND(F22="Congé",D22<>"Congé"))),0.166666666666667,"")) | AC22: =IF(AND(D22="Congé sans solde",F22="Congé sans solde"),0.333333333333333,IF(OR(AND(D22="Congé sans solde",F22<>"Congé sans solde"),(AND(F22="Congé sans solde",D22<>"Congé sans solde"))),0.166666666666667,"")) | AD22: =IF(AND(D22="Congé spécial",F22="Congé spécial"),0.333333333333333,IF(OR(AND(D22="Congé spécial",F22<>"Congé décès"),(AND(F22="Congé spécial",D22<>"Congé spécial"))),0.166666666666667,"")) | AE22: =IF(AND(D22="Férié",F22="Férié"),0.333333333333333,IF(OR(AND(D22="Férié",F22<>"Férié"),(AND(F22="Férié",D22<>"Férié"))),0.166666666666667,""))
A23: =VLOOKUP(B23,Annuaire_roster!B:F,5,0) -> 1274 | B23: AIT ADDI KHADIJA | C23: 0.29166667 | D23: 0.29166667 | E23: 0.70833333 | F23: {=IFERROR(INDEX(Planning2[],MATCH(1,(Planning2[Nom]=B23)*(Planning2[Date]=Q23),0),4),"-")} -> 0.70833333 | I23: =IF(IF(OR(C23="",D23="Congé",D23="OFF",D23="Congé spécial"),"",IF(D23>F23,D23-C23,IF(C23-D23<0,0,C23-D23)))<0.00068287037037037,"",IF(OR(D23="Congé",D23="OFF",C23="",D23="Congé spécial"),"",IF(D23>F23,D23-C23,IF(C23-D23<0,0,C23-D23)))) | K23: =IF(SUM(H23:J23)<0.00068287037037037,0,SUM(H23:J23)) -> 0 | L23: =IF(OR(F23="Congé",F23="OFF",M23="Abs",F23="Congé sans solde",F23="Férié",F23="Congé spécial",D23="Congé spécial"),0,IF(F23-E23<0,0,IF(F23-E23<=0.00068287037037037,0,F23-E23))) -> 0 | M23: =IF(AND(O23<>0,C23=""),"Abs",0) -> 0 | N23: =IFERROR(IF(OR(D23="OFF",D23="Congé",M23="Abs",D23="Congé sans solde",D23="Férié"),"",IF(O23-K23-L23>O23,O23,IF(O23-K23-L23<0,"",O23-K23-L23))),"") -> 0.375 | O23: =IF(AG23="2H Pause déjeuner",IF(F23-D23-0.0833333333333333<0,F23-D23-0.0833333333333333+1,F23-D23-0.0833333333333333),IF(OR(AND(F23="OFF",D23="OFF"),AND(F23="Congé",D23="Congé"),AND(F23="Congé sans solde",D23="Congé sans solde"),AND(F23="Congé spécial",D23="Congé spécial"),AND(F23="Férié",D23="Férié"),AND(F23="OFF",D23="Congé"),AND(F23="OFF",D23="Congé sans solde"),AND(F23="OFF",D23="Congé spécial"),AND(F23="OFF",D23="Férié"),AND(F23="Congé",D23="OFF"),AND(F23="Congé",D23="Congé sans solde"),AND(F23="Congé",D23="Congé spécial"),AND(F23="Congé",D23="Férié"),AND(F23="Congé sans solde",D23="OFF"),AND(F23="Congé sans solde",D23="Congé"),AND(F23="Congé sans solde",D23="Congé spécial"),AND(F23="Congé sans solde",D23="Férié"),AND(F23="Congé spécial",D23="OFF"),AND(F23="Congé spécial",D23="Congé"),AND(F23="Congé spécial",D23="Congé sans solde"),AND(F23="Congé spécial",D23="Férié"),AND(F23="Férié",D23="OFF"),AND(F23="Férié",D23="Congé"),AND(F23="Férié",D23="Congé sans solde"),AND(F23="Férié",D23="Congé spécial")),0,IF(OR(F23="OFF",F23="Congé",F23="Congé spécial",F23="Congé sans solde",D23="OFF",D23="Congé",D23="Congé spécial",D23="Congé sans solde"),0.208333333333334,IF(AND(AG23="",F23-D23<0),("24:00:00"-D23)+("00:00:00"+F23)-0.0416666666666667,IF(AND(OR(AG23="Allaitement",AG23="Sans déjeuner"),F23-D23<0),("24:00:00"-D23)+("00:00:00"+F23),IF(AND(AG23="",F23-D23>0.166666666666667),F23-D23-0.0416666666666667,IF(AND(OR(AG23="Allaitement",AG23="Sans déjeuner"),F23-D23>0.166666666666667),F23-D23,F23-D23))))))) -> 0.375 | P23: =IFERROR(VLOOKUP($B23,Annuaire_roster!$B:$G,MATCH(P$1,Annuaire_roster!$B$1:$G$1,0),0),"-") -> Google Leads | Q23: 44717 | R23: =IF(M23="Abs",O23,0) -> 0 | S23: =SUM(R23,L23,I23,J23,W23,H23) -> 0 | T23: ="Sem - "&WEEKNUM(Q23,21) -> Sem - 23 | U23: =PROPER(TEXT(Q23,"mmmm")) -> Juin | V23: =+TEXT(Q23,"aaa") -> 2026 | X23: =IFERROR(IF(M23="Abs",0,IF((D23-C23+E23-F23)<0.000694444444444444,0,(D23-C23+E23-F23))),0) -> 0 | Y23: =IFERROR(VLOOKUP(B23,Annuaire_roster!B:E,4,0),"-") -> OUAQERROUCH Nour-El Houda | Z23: =IFERROR(VLOOKUP(B23,Annuaire_roster!B:F,3,0),"-") -> Google Leads | AA23: =IFERROR(VLOOKUP(B23,Annuaire_roster!B:I,6,0),"-") -> Forfaitaire | AB23: =IF(AND(D23="Congé",F23="Congé"),0.333333333333333,IF(OR(AND(D23="Congé",F23<>"Congé"),(AND(F23="Congé",D23<>"Congé"))),0.166666666666667,"")) | AC23: =IF(AND(D23="Congé sans solde",F23="Congé sans solde"),0.333333333333333,IF(OR(AND(D23="Congé sans solde",F23<>"Congé sans solde"),(AND(F23="Congé sans solde",D23<>"Congé sans solde"))),0.166666666666667,"")) | AD23: =IF(AND(D23="Congé spécial",F23="Congé spécial"),0.333333333333333,IF(OR(AND(D23="Congé spécial",F23<>"Congé décès"),(AND(F23="Congé spécial",D23<>"Congé spécial"))),0.166666666666667,"")) | AE23: =IF(AND(D23="Férié",F23="Férié"),0.333333333333333,IF(OR(AND(D23="Férié",F23<>"Férié"),(AND(F23="Férié",D23<>"Férié"))),0.166666666666667,""))
A24: =VLOOKUP(B24,Annuaire_roster!B:F,5,0) -> 1167 | B24: ZIOUI DOUNIA | D24: 0.29166667 | F24: {=IFERROR(INDEX(Planning2[],MATCH(1,(Planning2[Nom]=B24)*(Planning2[Date]=Q24),0),4),"-")} -> 0.70833333 | I24: =IF(IF(OR(C24="",D24="Congé",D24="OFF",D24="Congé spécial"),"",IF(D24>F24,D24-C24,IF(C24-D24<0,0,C24-D24)))<0.00068287037037037,"",IF(OR(D24="Congé",D24="OFF",C24="",D24="Congé spécial"),"",IF(D24>F24,D24-C24,IF(C24-D24<0,0,C24-D24)))) | K24: =IF(SUM(H24:J24)<0.00068287037037037,0,SUM(H24:J24)) -> 0 | L24: =IF(OR(F24="Congé",F24="OFF",M24="Abs",F24="Congé sans solde",F24="Férié",F24="Congé spécial",D24="Congé spécial"),0,IF(F24-E24<0,0,IF(F24-E24<=0.00068287037037037,0,F24-E24))) -> 0 | M24: =IF(AND(O24<>0,C24=""),"Abs",0) -> Abs | N24: =IFERROR(IF(OR(D24="OFF",D24="Congé",M24="Abs",D24="Congé sans solde",D24="Férié"),"",IF(O24-K24-L24>O24,O24,IF(O24-K24-L24<0,"",O24-K24-L24))),"") | O24: =IF(AG24="2H Pause déjeuner",IF(F24-D24-0.0833333333333333<0,F24-D24-0.0833333333333333+1,F24-D24-0.0833333333333333),IF(OR(AND(F24="OFF",D24="OFF"),AND(F24="Congé",D24="Congé"),AND(F24="Congé sans solde",D24="Congé sans solde"),AND(F24="Congé spécial",D24="Congé spécial"),AND(F24="Férié",D24="Férié"),AND(F24="OFF",D24="Congé"),AND(F24="OFF",D24="Congé sans solde"),AND(F24="OFF",D24="Congé spécial"),AND(F24="OFF",D24="Férié"),AND(F24="Congé",D24="OFF"),AND(F24="Congé",D24="Congé sans solde"),AND(F24="Congé",D24="Congé spécial"),AND(F24="Congé",D24="Férié"),AND(F24="Congé sans solde",D24="OFF"),AND(F24="Congé sans solde",D24="Congé"),AND(F24="Congé sans solde",D24="Congé spécial"),AND(F24="Congé sans solde",D24="Férié"),AND(F24="Congé spécial",D24="OFF"),AND(F24="Congé spécial",D24="Congé"),AND(F24="Congé spécial",D24="Congé sans solde"),AND(F24="Congé spécial",D24="Férié"),AND(F24="Férié",D24="OFF"),AND(F24="Férié",D24="Congé"),AND(F24="Férié",D24="Congé sans solde"),AND(F24="Férié",D24="Congé spécial")),0,IF(OR(F24="OFF",F24="Congé",F24="Congé spécial",F24="Congé sans solde",D24="OFF",D24="Congé",D24="Congé spécial",D24="Congé sans solde"),0.208333333333334,IF(AND(AG24="",F24-D24<0),("24:00:00"-D24)+("00:00:00"+F24)-0.0416666666666667,IF(AND(OR(AG24="Allaitement",AG24="Sans déjeuner"),F24-D24<0),("24:00:00"-D24)+("00:00:00"+F24),IF(AND(AG24="",F24-D24>0.166666666666667),F24-D24-0.0416666666666667,IF(AND(OR(AG24="Allaitement",AG24="Sans déjeuner"),F24-D24>0.166666666666667),F24-D24,F24-D24))))))) -> 0.375 | P24: =IFERROR(VLOOKUP($B24,Annuaire_roster!$B:$G,MATCH(P$1,Annuaire_roster!$B$1:$G$1,0),0),"-") -> Google Leads | Q24: 44717 | R24: =IF(M24="Abs",O24,0) -> 0.375 | S24: =SUM(R24,L24,I24,J24,W24,H24) -> 0.375 | T24: ="Sem - "&WEEKNUM(Q24,21) -> Sem - 23 | U24: =PROPER(TEXT(Q24,"mmmm")) -> Juin | V24: =+TEXT(Q24,"aaa") -> 2026 | X24: =IFERROR(IF(M24="Abs",0,IF((D24-C24+E24-F24)<0.000694444444444444,0,(D24-C24+E24-F24))),0) -> 0 | Y24: =IFERROR(VLOOKUP(B24,Annuaire_roster!B:E,4,0),"-") -> OUAQERROUCH Nour-El Houda | Z24: =IFERROR(VLOOKUP(B24,Annuaire_roster!B:F,3,0),"-") -> Google Leads | AA24: =IFERROR(VLOOKUP(B24,Annuaire_roster!B:I,6,0),"-") -> Forfaitaire | AB24: =IF(AND(D24="Congé",F24="Congé"),0.333333333333333,IF(OR(AND(D24="Congé",F24<>"Congé"),(AND(F24="Congé",D24<>"Congé"))),0.166666666666667,"")) | AC24: =IF(AND(D24="Congé sans solde",F24="Congé sans solde"),0.333333333333333,IF(OR(AND(D24="Congé sans solde",F24<>"Congé sans solde"),(AND(F24="Congé sans solde",D24<>"Congé sans solde"))),0.166666666666667,"")) | AD24: =IF(AND(D24="Congé spécial",F24="Congé spécial"),0.333333333333333,IF(OR(AND(D24="Congé spécial",F24<>"Congé décès"),(AND(F24="Congé spécial",D24<>"Congé spécial"))),0.166666666666667,"")) | AE24: =IF(AND(D24="Férié",F24="Férié"),0.333333333333333,IF(OR(AND(D24="Férié",F24<>"Férié"),(AND(F24="Férié",D24<>"Férié"))),0.166666666666667,""))
A25: =VLOOKUP(B25,Annuaire_roster!B:F,5,0) -> 397 | B25: DERKAOUI AMAL | D25: {=IFERROR(INDEX(Planning2[],MATCH(1,(Planning2[Nom]=B25)*(Planning2[Date]=Q25),0),3),"-")} -> Congé | F25: {=IFERROR(INDEX(Planning2[],MATCH(1,(Planning2[Nom]=B25)*(Planning2[Date]=Q25),0),4),"-")} -> Congé | I25: =IF(IF(OR(C25="",D25="Congé",D25="OFF",D25="Congé spécial"),"",IF(D25>F25,D25-C25,IF(C25-D25<0,0,C25-D25)))<0.00068287037037037,"",IF(OR(D25="Congé",D25="OFF",C25="",D25="Congé spécial"),"",IF(D25>F25,D25-C25,IF(C25-D25<0,0,C25-D25)))) | K25: =IF(SUM(H25:J25)<0.00068287037037037,0,SUM(H25:J25)) -> 0 | L25: =IF(OR(F25="Congé",F25="OFF",M25="Abs",F25="Congé sans solde",F25="Férié",F25="Congé spécial",D25="Congé spécial"),0,IF(F25-E25<0,0,IF(F25-E25<=0.00068287037037037,0,F25-E25))) -> 0 | M25: =IF(AND(O25<>0,C25=""),"Abs",0) -> 0 | N25: =IFERROR(IF(OR(D25="OFF",D25="Congé",M25="Abs",D25="Congé sans solde",D25="Férié"),"",IF(O25-K25-L25>O25,O25,IF(O25-K25-L25<0,"",O25-K25-L25))),"") | O25: =IF(AG25="2H Pause déjeuner",IF(F25-D25-0.0833333333333333<0,F25-D25-0.0833333333333333+1,F25-D25-0.0833333333333333),IF(OR(AND(F25="OFF",D25="OFF"),AND(F25="Congé",D25="Congé"),AND(F25="Congé sans solde",D25="Congé sans solde"),AND(F25="Congé spécial",D25="Congé spécial"),AND(F25="Férié",D25="Férié"),AND(F25="OFF",D25="Congé"),AND(F25="OFF",D25="Congé sans solde"),AND(F25="OFF",D25="Congé spécial"),AND(F25="OFF",D25="Férié"),AND(F25="Congé",D25="OFF"),AND(F25="Congé",D25="Congé sans solde"),AND(F25="Congé",D25="Congé spécial"),AND(F25="Congé",D25="Férié"),AND(F25="Congé sans solde",D25="OFF"),AND(F25="Congé sans solde",D25="Congé"),AND(F25="Congé sans solde",D25="Congé spécial"),AND(F25="Congé sans solde",D25="Férié"),AND(F25="Congé spécial",D25="OFF"),AND(F25="Congé spécial",D25="Congé"),AND(F25="Congé spécial",D25="Congé sans solde"),AND(F25="Congé spécial",D25="Férié"),AND(F25="Férié",D25="OFF"),AND(F25="Férié",D25="Congé"),AND(F25="Férié",D25="Congé sans solde"),AND(F25="Férié",D25="Congé spécial")),0,IF(OR(F25="OFF",F25="Congé",F25="Congé spécial",F25="Congé sans solde",D25="OFF",D25="Congé",D25="Congé spécial",D25="Congé sans solde"),0.208333333333334,IF(AND(AG25="",F25-D25<0),("24:00:00"-D25)+("00:00:00"+F25)-0.0416666666666667,IF(AND(OR(AG25="Allaitement",AG25="Sans déjeuner"),F25-D25<0),("24:00:00"-D25)+("00:00:00"+F25),IF(AND(AG25="",F25-D25>0.166666666666667),F25-D25-0.0416666666666667,IF(AND(OR(AG25="Allaitement",AG25="Sans déjeuner"),F25-D25>0.166666666666667),F25-D25,F25-D25))))))) -> 0 | P25: =IFERROR(VLOOKUP($B25,Annuaire_roster!$B:$G,MATCH(P$1,Annuaire_roster!$B$1:$G$1,0),0),"-") -> Google Leads | Q25: 44717 | R25: =IF(M25="Abs",O25,0) -> 0 | S25: =SUM(R25,L25,I25,J25,W25,H25) -> 0 | T25: ="Sem - "&WEEKNUM(Q25,21) -> Sem - 23 | U25: =PROPER(TEXT(Q25,"mmmm")) -> Juin | V25: =+TEXT(Q25,"aaa") -> 2026 | X25: =IFERROR(IF(M25="Abs",0,IF((D25-C25+E25-F25)<0.000694444444444444,0,(D25-C25+E25-F25))),0) -> 0 | Y25: =IFERROR(VLOOKUP(B25,Annuaire_roster!B:E,4,0),"-") -> OUAQERROUCH Nour-El Houda | Z25: =IFERROR(VLOOKUP(B25,Annuaire_roster!B:F,3,0),"-") -> Google Leads | AA25: =IFERROR(VLOOKUP(B25,Annuaire_roster!B:I,6,0),"-") -> Forfaitaire | AB25: =IF(AND(D25="Congé",F25="Congé"),0.333333333333333,IF(OR(AND(D25="Congé",F25<>"Congé"),(AND(F25="Congé",D25<>"Congé"))),0.166666666666667,"")) -> 0.33333333 | AC25: =IF(AND(D25="Congé sans solde",F25="Congé sans solde"),0.333333333333333,IF(OR(AND(D25="Congé sans solde",F25<>"Congé sans solde"),(AND(F25="Congé sans solde",D25<>"Congé sans solde"))),0.166666666666667,"")) | AD25: =IF(AND(D25="Congé spécial",F25="Congé spécial"),0.333333333333333,IF(OR(AND(D25="Congé spécial",F25<>"Congé décès"),(AND(F25="Congé spécial",D25<>"Congé spécial"))),0.166666666666667,"")) | AE25: =IF(AND(D25="Férié",F25="Férié"),0.333333333333333,IF(OR(AND(D25="Férié",F25<>"Férié"),(AND(F25="Férié",D25<>"Férié"))),0.166666666666667,""))
A26: =VLOOKUP(B26,Annuaire_roster!B:F,5,0) -> 894 | B26: IHASSANE Ikram | C26: 0.33333333 | D26: 0.33333333 | E26: 0.70833333 | F26: 0.70833333 | I26: =IF(IF(OR(C26="",D26="Congé",D26="OFF",D26="Congé spécial"),"",IF(D26>F26,D26-C26,IF(C26-D26<0,0,C26-D26)))<0.00068287037037037,"",IF(OR(D26="Congé",D26="OFF",C26="",D26="Congé spécial"),"",IF(D26>F26,D26-C26,IF(C26-D26<0,0,C26-D26)))) | K26: =IF(SUM(H26:J26)<0.00068287037037037,0,SUM(H26:J26)) -> 0 | L26: =IF(OR(F26="Congé",F26="OFF",M26="Abs",F26="Congé sans solde",F26="Férié",F26="Congé spécial",D26="Congé spécial"),0,IF(F26-E26<0,0,IF(F26-E26<=0.00068287037037037,0,F26-E26))) -> 0 | M26: =IF(AND(O26<>0,C26=""),"Abs",0) -> 0 | N26: =IFERROR(IF(OR(D26="OFF",D26="Congé",M26="Abs",D26="Congé sans solde",D26="Férié"),"",IF(O26-K26-L26>O26,O26,IF(O26-K26-L26<0,"",O26-K26-L26))),"") -> 0.33333333 | O26: =IF(AG26="2H Pause déjeuner",IF(F26-D26-0.0833333333333333<0,F26-D26-0.0833333333333333+1,F26-D26-0.0833333333333333),IF(OR(AND(F26="OFF",D26="OFF"),AND(F26="Congé",D26="Congé"),AND(F26="Congé sans solde",D26="Congé sans solde"),AND(F26="Congé spécial",D26="Congé spécial"),AND(F26="Férié",D26="Férié"),AND(F26="OFF",D26="Congé"),AND(F26="OFF",D26="Congé sans solde"),AND(F26="OFF",D26="Congé spécial"),AND(F26="OFF",D26="Férié"),AND(F26="Congé",D26="OFF"),AND(F26="Congé",D26="Congé sans solde"),AND(F26="Congé",D26="Congé spécial"),AND(F26="Congé",D26="Férié"),AND(F26="Congé sans solde",D26="OFF"),AND(F26="Congé sans solde",D26="Congé"),AND(F26="Congé sans solde",D26="Congé spécial"),AND(F26="Congé sans solde",D26="Férié"),AND(F26="Congé spécial",D26="OFF"),AND(F26="Congé spécial",D26="Congé"),AND(F26="Congé spécial",D26="Congé sans solde"),AND(F26="Congé spécial",D26="Férié"),AND(F26="Férié",D26="OFF"),AND(F26="Férié",D26="Congé"),AND(F26="Férié",D26="Congé sans solde"),AND(F26="Férié",D26="Congé spécial")),0,IF(OR(F26="OFF",F26="Congé",F26="Congé spécial",F26="Congé sans solde",D26="OFF",D26="Congé",D26="Congé spécial",D26="Congé sans solde"),0.208333333333334,IF(AND(AG26="",F26-D26<0),("24:00:00"-D26)+("00:00:00"+F26)-0.0416666666666667,IF(AND(OR(AG26="Allaitement",AG26="Sans déjeuner"),F26-D26<0),("24:00:00"-D26)+("00:00:00"+F26),IF(AND(AG26="",F26-D26>0.166666666666667),F26-D26-0.0416666666666667,IF(AND(OR(AG26="Allaitement",AG26="Sans déjeuner"),F26-D26>0.166666666666667),F26-D26,F26-D26))))))) -> 0.33333333 | P26: =IFERROR(VLOOKUP($B26,Annuaire_roster!$B:$G,MATCH(P$1,Annuaire_roster!$B$1:$G$1,0),0),"-") -> Google Leads | Q26: 44717 | R26: =IF(M26="Abs",O26,0) -> 0 | S26: =SUM(R26,L26,I26,J26,W26,H26) -> 0 | T26: ="Sem - "&WEEKNUM(Q26,21) -> Sem - 23 | U26: =PROPER(TEXT(Q26,"mmmm")) -> Juin | V26: =+TEXT(Q26,"aaa") -> 2026 | X26: =IFERROR(IF(M26="Abs",0,IF((D26-C26+E26-F26)<0.000694444444444444,0,(D26-C26+E26-F26))),0) -> 0 | Y26: =IFERROR(VLOOKUP(B26,Annuaire_roster!B:E,4,0),"-") -> OUAQERROUCH Nour-El Houda | Z26: =IFERROR(VLOOKUP(B26,Annuaire_roster!B:F,3,0),"-") -> Google Leads | AA26: =IFERROR(VLOOKUP(B26,Annuaire_roster!B:I,6,0),"-") -> Forfaitaire | AB26: =IF(AND(D26="Congé",F26="Congé"),0.333333333333333,IF(OR(AND(D26="Congé",F26<>"Congé"),(AND(F26="Congé",D26<>"Congé"))),0.166666666666667,"")) | AC26: =IF(AND(D26="Congé sans solde",F26="Congé sans solde"),0.333333333333333,IF(OR(AND(D26="Congé sans solde",F26<>"Congé sans solde"),(AND(F26="Congé sans solde",D26<>"Congé sans solde"))),0.166666666666667,"")) | AD26: =IF(AND(D26="Congé spécial",F26="Congé spécial"),0.333333333333333,IF(OR(AND(D26="Congé spécial",F26<>"Congé décès"),(AND(F26="Congé spécial",D26<>"Congé spécial"))),0.166666666666667,"")) | AE26: =IF(AND(D26="Férié",F26="Férié"),0.333333333333333,IF(OR(AND(D26="Férié",F26<>"Férié"),(AND(F26="Férié",D26<>"Férié"))),0.166666666666667,""))
A27: =VLOOKUP(B27,Annuaire_roster!B:F,5,0) -> 971 | B27: EL HOUSSAINI HOUDA | D27: {=IFERROR(INDEX(Planning2[],MATCH(1,(Planning2[Nom]=B27)*(Planning2[Date]=Q27),0),3),"-")} -> OFF | F27: {=IFERROR(INDEX(Planning2[],MATCH(1,(Planning2[Nom]=B27)*(Planning2[Date]=Q27),0),4),"-")} -> OFF | I27: =IF(IF(OR(C27="",D27="Congé",D27="OFF",D27="Congé spécial"),"",IF(D27>F27,D27-C27,IF(C27-D27<0,0,C27-D27)))<0.00068287037037037,"",IF(OR(D27="Congé",D27="OFF",C27="",D27="Congé spécial"),"",IF(D27>F27,D27-C27,IF(C27-D27<0,0,C27-D27)))) | K27: =IF(SUM(H27:J27)<0.00068287037037037,0,SUM(H27:J27)) -> 0 | L27: =IF(OR(F27="Congé",F27="OFF",M27="Abs",F27="Congé sans solde",F27="Férié",F27="Congé spécial",D27="Congé spécial"),0,IF(F27-E27<0,0,IF(F27-E27<=0.00068287037037037,0,F27-E27))) -> 0 | M27: =IF(AND(O27<>0,C27=""),"Abs",0) -> 0 | N27: =IFERROR(IF(OR(D27="OFF",D27="Congé",M27="Abs",D27="Congé sans solde",D27="Férié"),"",IF(O27-K27-L27>O27,O27,IF(O27-K27-L27<0,"",O27-K27-L27))),"") | O27: =IF(AG27="2H Pause déjeuner",IF(F27-D27-0.0833333333333333<0,F27-D27-0.0833333333333333+1,F27-D27-0.0833333333333333),IF(OR(AND(F27="OFF",D27="OFF"),AND(F27="Congé",D27="Congé"),AND(F27="Congé sans solde",D27="Congé sans solde"),AND(F27="Congé spécial",D27="Congé spécial"),AND(F27="Férié",D27="Férié"),AND(F27="OFF",D27="Congé"),AND(F27="OFF",D27="Congé sans solde"),AND(F27="OFF",D27="Congé spécial"),AND(F27="OFF",D27="Férié"),AND(F27="Congé",D27="OFF"),AND(F27="Congé",D27="Congé sans solde"),AND(F27="Congé",D27="Congé spécial"),AND(F27="Congé",D27="Férié"),AND(F27="Congé sans solde",D27="OFF"),AND(F27="Congé sans solde",D27="Congé"),AND(F27="Congé sans solde",D27="Congé spécial"),AND(F27="Congé sans solde",D27="Férié"),AND(F27="Congé spécial",D27="OFF"),AND(F27="Congé spécial",D27="Congé"),AND(F27="Congé spécial",D27="Congé sans solde"),AND(F27="Congé spécial",D27="Férié"),AND(F27="Férié",D27="OFF"),AND(F27="Férié",D27="Congé"),AND(F27="Férié",D27="Congé sans solde"),AND(F27="Férié",D27="Congé spécial")),0,IF(OR(F27="OFF",F27="Congé",F27="Congé spécial",F27="Congé sans solde",D27="OFF",D27="Congé",D27="Congé spécial",D27="Congé sans solde"),0.208333333333334,IF(AND(AG27="",F27-D27<0),("24:00:00"-D27)+("00:00:00"+F27)-0.0416666666666667,IF(AND(OR(AG27="Allaitement",AG27="Sans déjeuner"),F27-D27<0),("24:00:00"-D27)+("00:00:00"+F27),IF(AND(AG27="",F27-D27>0.166666666666667),F27-D27-0.0416666666666667,IF(AND(OR(AG27="Allaitement",AG27="Sans déjeuner"),F27-D27>0.166666666666667),F27-D27,F27-D27))))))) -> 0 | P27: =IFERROR(VLOOKUP($B27,Annuaire_roster!$B:$G,MATCH(P$1,Annuaire_roster!$B$1:$G$1,0),0),"-") -> Google Leads | Q27: 44717 | R27: =IF(M27="Abs",O27,0) -> 0 | S27: =SUM(R27,L27,I27,J27,W27,H27) -> 0 | T27: ="Sem - "&WEEKNUM(Q27,21) -> Sem - 23 | U27: =PROPER(TEXT(Q27,"mmmm")) -> Juin | V27: =+TEXT(Q27,"aaa") -> 2026 | X27: =IFERROR(IF(M27="Abs",0,IF((D27-C27+E27-F27)<0.000694444444444444,0,(D27-C27+E27-F27))),0) -> 0 | Y27: =IFERROR(VLOOKUP(B27,Annuaire_roster!B:E,4,0),"-") -> CHOUIFI Mustapha | Z27: =IFERROR(VLOOKUP(B27,Annuaire_roster!B:F,3,0),"-") -> Google Leads | AA27: =IFERROR(VLOOKUP(B27,Annuaire_roster!B:I,6,0),"-") -> Forfaitaire | AB27: =IF(AND(D27="Congé",F27="Congé"),0.333333333333333,IF(OR(AND(D27="Congé",F27<>"Congé"),(AND(F27="Congé",D27<>"Congé"))),0.166666666666667,"")) | AC27: =IF(AND(D27="Congé sans solde",F27="Congé sans solde"),0.333333333333333,IF(OR(AND(D27="Congé sans solde",F27<>"Congé sans solde"),(AND(F27="Congé sans solde",D27<>"Congé sans solde"))),0.166666666666667,"")) | AD27: =IF(AND(D27="Congé spécial",F27="Congé spécial"),0.333333333333333,IF(OR(AND(D27="Congé spécial",F27<>"Congé décès"),(AND(F27="Congé spécial",D27<>"Congé spécial"))),0.166666666666667,"")) | AE27: =IF(AND(D27="Férié",F27="Férié"),0.333333333333333,IF(OR(AND(D27="Férié",F27<>"Férié"),(AND(F27="Férié",D27<>"Férié"))),0.166666666666667,""))
A28: =VLOOKUP(B28,Annuaire_roster!B:F,5,0) -> 1007 | B28: GUEYE MOUHAMED | D28: {=IFERROR(INDEX(Planning2[],MATCH(1,(Planning2[Nom]=B28)*(Planning2[Date]=Q28),0),3),"-")} -> OFF | F28: {=IFERROR(INDEX(Planning2[],MATCH(1,(Planning2[Nom]=B28)*(Planning2[Date]=Q28),0),4),"-")} -> OFF | I28: =IF(IF(OR(C28="",D28="Congé",D28="OFF",D28="Congé spécial"),"",IF(D28>F28,D28-C28,IF(C28-D28<0,0,C28-D28)))<0.00068287037037037,"",IF(OR(D28="Congé",D28="OFF",C28="",D28="Congé spécial"),"",IF(D28>F28,D28-C28,IF(C28-D28<0,0,C28-D28)))) | K28: =IF(SUM(H28:J28)<0.00068287037037037,0,SUM(H28:J28)) -> 0 | L28: =IF(OR(F28="Congé",F28="OFF",M28="Abs",F28="Congé sans solde",F28="Férié",F28="Congé spécial",D28="Congé spécial"),0,IF(F28-E28<0,0,IF(F28-E28<=0.00068287037037037,0,F28-E28))) -> 0 | M28: =IF(AND(O28<>0,C28=""),"Abs",0) -> 0 | N28: =IFERROR(IF(OR(D28="OFF",D28="Congé",M28="Abs",D28="Congé sans solde",D28="Férié"),"",IF(O28-K28-L28>O28,O28,IF(O28-K28-L28<0,"",O28-K28-L28))),"") | O28: =IF(AG28="2H Pause déjeuner",IF(F28-D28-0.0833333333333333<0,F28-D28-0.0833333333333333+1,F28-D28-0.0833333333333333),IF(OR(AND(F28="OFF",D28="OFF"),AND(F28="Congé",D28="Congé"),AND(F28="Congé sans solde",D28="Congé sans solde"),AND(F28="Congé spécial",D28="Congé spécial"),AND(F28="Férié",D28="Férié"),AND(F28="OFF",D28="Congé"),AND(F28="OFF",D28="Congé sans solde"),AND(F28="OFF",D28="Congé spécial"),AND(F28="OFF",D28="Férié"),AND(F28="Congé",D28="OFF"),AND(F28="Congé",D28="Congé sans solde"),AND(F28="Congé",D28="Congé spécial"),AND(F28="Congé",D28="Férié"),AND(F28="Congé sans solde",D28="OFF"),AND(F28="Congé sans solde",D28="Congé"),AND(F28="Congé sans solde",D28="Congé spécial"),AND(F28="Congé sans solde",D28="Férié"),AND(F28="Congé spécial",D28="OFF"),AND(F28="Congé spécial",D28="Congé"),AND(F28="Congé spécial",D28="Congé sans solde"),AND(F28="Congé spécial",D28="Férié"),AND(F28="Férié",D28="OFF"),AND(F28="Férié",D28="Congé"),AND(F28="Férié",D28="Congé sans solde"),AND(F28="Férié",D28="Congé spécial")),0,IF(OR(F28="OFF",F28="Congé",F28="Congé spécial",F28="Congé sans solde",D28="OFF",D28="Congé",D28="Congé spécial",D28="Congé sans solde"),0.208333333333334,IF(AND(AG28="",F28-D28<0),("24:00:00"-D28)+("00:00:00"+F28)-0.0416666666666667,IF(AND(OR(AG28="Allaitement",AG28="Sans déjeuner"),F28-D28<0),("24:00:00"-D28)+("00:00:00"+F28),IF(AND(AG28="",F28-D28>0.166666666666667),F28-D28-0.0416666666666667,IF(AND(OR(AG28="Allaitement",AG28="Sans déjeuner"),F28-D28>0.166666666666667),F28-D28,F28-D28))))))) -> 0 | P28: =IFERROR(VLOOKUP($B28,Annuaire_roster!$B:$G,MATCH(P$1,Annuaire_roster!$B$1:$G$1,0),0),"-") -> Google Leads | Q28: 44717 | R28: =IF(M28="Abs",O28,0) -> 0 | S28: =SUM(R28,L28,I28,J28,W28,H28) -> 0 | T28: ="Sem - "&WEEKNUM(Q28,21) -> Sem - 23 | U28: =PROPER(TEXT(Q28,"mmmm")) -> Juin | V28: =+TEXT(Q28,"aaa") -> 2026 | X28: =IFERROR(IF(M28="Abs",0,IF((D28-C28+E28-F28)<0.000694444444444444,0,(D28-C28+E28-F28))),0) -> 0 | Y28: =IFERROR(VLOOKUP(B28,Annuaire_roster!B:E,4,0),"-") -> OUAQERROUCH Nour-El Houda | Z28: =IFERROR(VLOOKUP(B28,Annuaire_roster!B:F,3,0),"-") -> Google Leads | AA28: =IFERROR(VLOOKUP(B28,Annuaire_roster!B:I,6,0),"-") -> Forfaitaire | AB28: =IF(AND(D28="Congé",F28="Congé"),0.333333333333333,IF(OR(AND(D28="Congé",F28<>"Congé"),(AND(F28="Congé",D28<>"Congé"))),0.166666666666667,"")) | AC28: =IF(AND(D28="Congé sans solde",F28="Congé sans solde"),0.333333333333333,IF(OR(AND(D28="Congé sans solde",F28<>"Congé sans solde"),(AND(F28="Congé sans solde",D28<>"Congé sans solde"))),0.166666666666667,"")) | AD28: =IF(AND(D28="Congé spécial",F28="Congé spécial"),0.333333333333333,IF(OR(AND(D28="Congé spécial",F28<>"Congé décès"),(AND(F28="Congé spécial",D28<>"Congé spécial"))),0.166666666666667,"")) | AE28: =IF(AND(D28="Férié",F28="Férié"),0.333333333333333,IF(OR(AND(D28="Férié",F28<>"Férié"),(AND(F28="Férié",D28<>"Férié"))),0.166666666666667,""))
A29: =VLOOKUP(B29,Annuaire_roster!B:F,5,0) -> 1008 | B29: RACHAD NAWAR | D29: {=IFERROR(INDEX(Planning2[],MATCH(1,(Planning2[Nom]=B29)*(Planning2[Date]=Q29),0),3),"-")} -> OFF | F29: {=IFERROR(INDEX(Planning2[],MATCH(1,(Planning2[Nom]=B29)*(Planning2[Date]=Q29),0),4),"-")} -> OFF | I29: =IF(IF(OR(C29="",D29="Congé",D29="OFF",D29="Congé spécial"),"",IF(D29>F29,D29-C29,IF(C29-D29<0,0,C29-D29)))<0.00068287037037037,"",IF(OR(D29="Congé",D29="OFF",C29="",D29="Congé spécial"),"",IF(D29>F29,D29-C29,IF(C29-D29<0,0,C29-D29)))) | K29: =IF(SUM(H29:J29)<0.00068287037037037,0,SUM(H29:J29)) -> 0 | L29: =IF(OR(F29="Congé",F29="OFF",M29="Abs",F29="Congé sans solde",F29="Férié",F29="Congé spécial",D29="Congé spécial"),0,IF(F29-E29<0,0,IF(F29-E29<=0.00068287037037037,0,F29-E29))) -> 0 | M29: =IF(AND(O29<>0,C29=""),"Abs",0) -> 0 | N29: =IFERROR(IF(OR(D29="OFF",D29="Congé",M29="Abs",D29="Congé sans solde",D29="Férié"),"",IF(O29-K29-L29>O29,O29,IF(O29-K29-L29<0,"",O29-K29-L29))),"") | O29: =IF(AG29="2H Pause déjeuner",IF(F29-D29-0.0833333333333333<0,F29-D29-0.0833333333333333+1,F29-D29-0.0833333333333333),IF(OR(AND(F29="OFF",D29="OFF"),AND(F29="Congé",D29="Congé"),AND(F29="Congé sans solde",D29="Congé sans solde"),AND(F29="Congé spécial",D29="Congé spécial"),AND(F29="Férié",D29="Férié"),AND(F29="OFF",D29="Congé"),AND(F29="OFF",D29="Congé sans solde"),AND(F29="OFF",D29="Congé spécial"),AND(F29="OFF",D29="Férié"),AND(F29="Congé",D29="OFF"),AND(F29="Congé",D29="Congé sans solde"),AND(F29="Congé",D29="Congé spécial"),AND(F29="Congé",D29="Férié"),AND(F29="Congé sans solde",D29="OFF"),AND(F29="Congé sans solde",D29="Congé"),AND(F29="Congé sans solde",D29="Congé spécial"),AND(F29="Congé sans solde",D29="Férié"),AND(F29="Congé spécial",D29="OFF"),AND(F29="Congé spécial",D29="Congé"),AND(F29="Congé spécial",D29="Congé sans solde"),AND(F29="Congé spécial",D29="Férié"),AND(F29="Férié",D29="OFF"),AND(F29="Férié",D29="Congé"),AND(F29="Férié",D29="Congé sans solde"),AND(F29="Férié",D29="Congé spécial")),0,IF(OR(F29="OFF",F29="Congé",F29="Congé spécial",F29="Congé sans solde",D29="OFF",D29="Congé",D29="Congé spécial",D29="Congé sans solde"),0.208333333333334,IF(AND(AG29="",F29-D29<0),("24:00:00"-D29)+("00:00:00"+F29)-0.0416666666666667,IF(AND(OR(AG29="Allaitement",AG29="Sans déjeuner"),F29-D29<0),("24:00:00"-D29)+("00:00:00"+F29),IF(AND(AG29="",F29-D29>0.166666666666667),F29-D29-0.0416666666666667,IF(AND(OR(AG29="Allaitement",AG29="Sans déjeuner"),F29-D29>0.166666666666667),F29-D29,F29-D29))))))) -> 0 | P29: =IFERROR(VLOOKUP($B29,Annuaire_roster!$B:$G,MATCH(P$1,Annuaire_roster!$B$1:$G$1,0),0),"-") -> Google Leads | Q29: 44717 | R29: =IF(M29="Abs",O29,0) -> 0 | S29: =SUM(R29,L29,I29,J29,W29,H29) -> 0 | T29: ="Sem - "&WEEKNUM(Q29,21) -> Sem - 23 | U29: =PROPER(TEXT(Q29,"mmmm")) -> Juin | V29: =+TEXT(Q29,"aaa") -> 2026 | X29: =IFERROR(IF(M29="Abs",0,IF((D29-C29+E29-F29)<0.000694444444444444,0,(D29-C29+E29-F29))),0) -> 0 | Y29: =IFERROR(VLOOKUP(B29,Annuaire_roster!B:E,4,0),"-") -> CHOUIFI Mustapha | Z29: =IFERROR(VLOOKUP(B29,Annuaire_roster!B:F,3,0),"-") -> Google Leads | AA29: =IFERROR(VLOOKUP(B29,Annuaire_roster!B:I,6,0),"-") -> Forfaitaire | AB29: =IF(AND(D29="Congé",F29="Congé"),0.333333333333333,IF(OR(AND(D29="Congé",F29<>"Congé"),(AND(F29="Congé",D29<>"Congé"))),0.166666666666667,"")) | AC29: =IF(AND(D29="Congé sans solde",F29="Congé sans solde"),0.333333333333333,IF(OR(AND(D29="Congé sans solde",F29<>"Congé sans solde"),(AND(F29="Congé sans solde",D29<>"Congé sans solde"))),0.166666666666667,"")) | AD29: =IF(AND(D29="Congé spécial",F29="Congé spécial"),0.333333333333333,IF(OR(AND(D29="Congé spécial",F29<>"Congé décès"),(AND(F29="Congé spécial",D29<>"Congé spécial"))),0.166666666666667,"")) | AE29: =IF(AND(D29="Férié",F29="Férié"),0.333333333333333,IF(OR(AND(D29="Férié",F29<>"Férié"),(AND(F29="Férié",D29<>"Férié"))),0.166666666666667,""))
A30: =VLOOKUP(B30,Annuaire_roster!B:F,5,0) -> 1145 | B30: DIOUF OUSSMANE | D30: {=IFERROR(INDEX(Planning2[],MATCH(1,(Planning2[Nom]=B30)*(Planning2[Date]=Q30),0),3),"-")} -> OFF | F30: {=IFERROR(INDEX(Planning2[],MATCH(1,(Planning2[Nom]=B30)*(Planning2[Date]=Q30),0),4),"-")} -> OFF | I30: =IF(IF(OR(C30="",D30="Congé",D30="OFF",D30="Congé spécial"),"",IF(D30>F30,D30-C30,IF(C30-D30<0,0,C30-D30)))<0.00068287037037037,"",IF(OR(D30="Congé",D30="OFF",C30="",D30="Congé spécial"),"",IF(D30>F30,D30-C30,IF(C30-D30<0,0,C30-D30)))) | K30: =IF(SUM(H30:J30)<0.00068287037037037,0,SUM(H30:J30)) -> 0 | L30: =IF(OR(F30="Congé",F30="OFF",M30="Abs",F30="Congé sans solde",F30="Férié",F30="Congé spécial",D30="Congé spécial"),0,IF(F30-E30<0,0,IF(F30-E30<=0.00068287037037037,0,F30-E30))) -> 0 | M30: =IF(AND(O30<>0,C30=""),"Abs",0) -> 0 | N30: =IFERROR(IF(OR(D30="OFF",D30="Congé",M30="Abs",D30="Congé sans solde",D30="Férié"),"",IF(O30-K30-L30>O30,O30,IF(O30-K30-L30<0,"",O30-K30-L30))),"") | O30: =IF(AG30="2H Pause déjeuner",IF(F30-D30-0.0833333333333333<0,F30-D30-0.0833333333333333+1,F30-D30-0.0833333333333333),IF(OR(AND(F30="OFF",D30="OFF"),AND(F30="Congé",D30="Congé"),AND(F30="Congé sans solde",D30="Congé sans solde"),AND(F30="Congé spécial",D30="Congé spécial"),AND(F30="Férié",D30="Férié"),AND(F30="OFF",D30="Congé"),AND(F30="OFF",D30="Congé sans solde"),AND(F30="OFF",D30="Congé spécial"),AND(F30="OFF",D30="Férié"),AND(F30="Congé",D30="OFF"),AND(F30="Congé",D30="Congé sans solde"),AND(F30="Congé",D30="Congé spécial"),AND(F30="Congé",D30="Férié"),AND(F30="Congé sans solde",D30="OFF"),AND(F30="Congé sans solde",D30="Congé"),AND(F30="Congé sans solde",D30="Congé spécial"),AND(F30="Congé sans solde",D30="Férié"),AND(F30="Congé spécial",D30="OFF"),AND(F30="Congé spécial",D30="Congé"),AND(F30="Congé spécial",D30="Congé sans solde"),AND(F30="Congé spécial",D30="Férié"),AND(F30="Férié",D30="OFF"),AND(F30="Férié",D30="Congé"),AND(F30="Férié",D30="Congé sans solde"),AND(F30="Férié",D30="Congé spécial")),0,IF(OR(F30="OFF",F30="Congé",F30="Congé spécial",F30="Congé sans solde",D30="OFF",D30="Congé",D30="Congé spécial",D30="Congé sans solde"),0.208333333333334,IF(AND(AG30="",F30-D30<0),("24:00:00"-D30)+("00:00:00"+F30)-0.0416666666666667,IF(AND(OR(AG30="Allaitement",AG30="Sans déjeuner"),F30-D30<0),("24:00:00"-D30)+("00:00:00"+F30),IF(AND(AG30="",F30-D30>0.166666666666667),F30-D30-0.0416666666666667,IF(AND(OR(AG30="Allaitement",AG30="Sans déjeuner"),F30-D30>0.166666666666667),F30-D30,F30-D30))))))) -> 0 | P30: =IFERROR(VLOOKUP($B30,Annuaire_roster!$B:$G,MATCH(P$1,Annuaire_roster!$B$1:$G$1,0),0),"-") -> Google Leads | Q30: 44717 | R30: =IF(M30="Abs",O30,0) -> 0 | S30: =SUM(R30,L30,I30,J30,W30,H30) -> 0 | T30: ="Sem - "&WEEKNUM(Q30,21) -> Sem - 23 | U30: =PROPER(TEXT(Q30,"mmmm")) -> Juin | V30: =+TEXT(Q30,"aaa") -> 2026 | X30: =IFERROR(IF(M30="Abs",0,IF((D30-C30+E30-F30)<0.000694444444444444,0,(D30-C30+E30-F30))),0) -> 0 | Y30: =IFERROR(VLOOKUP(B30,Annuaire_roster!B:E,4,0),"-") -> CHOUIFI Mustapha | Z30: =IFERROR(VLOOKUP(B30,Annuaire_roster!B:F,3,0),"-") -> Google Leads | AA30: =IFERROR(VLOOKUP(B30,Annuaire_roster!B:I,6,0),"-") -> Forfaitaire | AB30: =IF(AND(D30="Congé",F30="Congé"),0.333333333333333,IF(OR(AND(D30="Congé",F30<>"Congé"),(AND(F30="Congé",D30<>"Congé"))),0.166666666666667,"")) | AC30: =IF(AND(D30="Congé sans solde",F30="Congé sans solde"),0.333333333333333,IF(OR(AND(D30="Congé sans solde",F30<>"Congé sans solde"),(AND(F30="Congé sans solde",D30<>"Congé sans solde"))),0.166666666666667,"")) | AD30: =IF(AND(D30="Congé spécial",F30="Congé spécial"),0.333333333333333,IF(OR(AND(D30="Congé spécial",F30<>"Congé décès"),(AND(F30="Congé spécial",D30<>"Congé spécial"))),0.166666666666667,"")) | AE30: =IF(AND(D30="Férié",F30="Férié"),0.333333333333333,IF(OR(AND(D30="Férié",F30<>"Férié"),(AND(F30="Férié",D30<>"Férié"))),0.166666666666667,""))
A31: =VLOOKUP(B31,Annuaire_roster!B:F,5,0) -> 0 | B31: QARBOUI Aymane | D31: {=IFERROR(INDEX(Planning2[],MATCH(1,(Planning2[Nom]=B31)*(Planning2[Date]=Q31),0),3),"-")} -> OFF | F31: {=IFERROR(INDEX(Planning2[],MATCH(1,(Planning2[Nom]=B31)*(Planning2[Date]=Q31),0),4),"-")} -> OFF | I31: =IF(IF(OR(C31="",D31="Congé",D31="OFF",D31="Congé spécial"),"",IF(D31>F31,D31-C31,IF(C31-D31<0,0,C31-D31)))<0.00068287037037037,"",IF(OR(D31="Congé",D31="OFF",C31="",D31="Congé spécial"),"",IF(D31>F31,D31-C31,IF(C31-D31<0,0,C31-D31)))) | K31: =IF(SUM(H31:J31)<0.00068287037037037,0,SUM(H31:J31)) -> 0 | L31: =IF(OR(F31="Congé",F31="OFF",M31="Abs",F31="Congé sans solde",F31="Férié",F31="Congé spécial",D31="Congé spécial"),0,IF(F31-E31<0,0,IF(F31-E31<=0.00068287037037037,0,F31-E31))) -> 0 | M31: =IF(AND(O31<>0,C31=""),"Abs",0) -> 0 | N31: =IFERROR(IF(OR(D31="OFF",D31="Congé",M31="Abs",D31="Congé sans solde",D31="Férié"),"",IF(O31-K31-L31>O31,O31,IF(O31-K31-L31<0,"",O31-K31-L31))),"") | O31: =IF(AG31="2H Pause déjeuner",IF(F31-D31-0.0833333333333333<0,F31-D31-0.0833333333333333+1,F31-D31-0.0833333333333333),IF(OR(AND(F31="OFF",D31="OFF"),AND(F31="Congé",D31="Congé"),AND(F31="Congé sans solde",D31="Congé sans solde"),AND(F31="Congé spécial",D31="Congé spécial"),AND(F31="Férié",D31="Férié"),AND(F31="OFF",D31="Congé"),AND(F31="OFF",D31="Congé sans solde"),AND(F31="OFF",D31="Congé spécial"),AND(F31="OFF",D31="Férié"),AND(F31="Congé",D31="OFF"),AND(F31="Congé",D31="Congé sans solde"),AND(F31="Congé",D31="Congé spécial"),AND(F31="Congé",D31="Férié"),AND(F31="Congé sans solde",D31="OFF"),AND(F31="Congé sans solde",D31="Congé"),AND(F31="Congé sans solde",D31="Congé spécial"),AND(F31="Congé sans solde",D31="Férié"),AND(F31="Congé spécial",D31="OFF"),AND(F31="Congé spécial",D31="Congé"),AND(F31="Congé spécial",D31="Congé sans solde"),AND(F31="Congé spécial",D31="Férié"),AND(F31="Férié",D31="OFF"),AND(F31="Férié",D31="Congé"),AND(F31="Férié",D31="Congé sans solde"),AND(F31="Férié",D31="Congé spécial")),0,IF(OR(F31="OFF",F31="Congé",F31="Congé spécial",F31="Congé sans solde",D31="OFF",D31="Congé",D31="Congé spécial",D31="Congé sans solde"),0.208333333333334,IF(AND(AG31="",F31-D31<0),("24:00:00"-D31)+("00:00:00"+F31)-0.0416666666666667,IF(AND(OR(AG31="Allaitement",AG31="Sans déjeuner"),F31-D31<0),("24:00:00"-D31)+("00:00:00"+F31),IF(AND(AG31="",F31-D31>0.166666666666667),F31-D31-0.0416666666666667,IF(AND(OR(AG31="Allaitement",AG31="Sans déjeuner"),F31-D31>0.166666666666667),F31-D31,F31-D31))))))) -> 0 | P31: =IFERROR(VLOOKUP($B31,Annuaire_roster!$B:$G,MATCH(P$1,Annuaire_roster!$B$1:$G$1,0),0),"-") -> Google Leads | Q31: 44717 | R31: =IF(M31="Abs",O31,0) -> 0 | S31: =SUM(R31,L31,I31,J31,W31,H31) -> 0 | T31: ="Sem - "&WEEKNUM(Q31,21) -> Sem - 23 | U31: =PROPER(TEXT(Q31,"mmmm")) -> Juin | V31: =+TEXT(Q31,"aaa") -> 2026 | X31: =IFERROR(IF(M31="Abs",0,IF((D31-C31+E31-F31)<0.000694444444444444,0,(D31-C31+E31-F31))),0) -> 0 | Y31: =IFERROR(VLOOKUP(B31,Annuaire_roster!B:E,4,0),"-") -> 0 | Z31: =IFERROR(VLOOKUP(B31,Annuaire_roster!B:F,3,0),"-") -> Google Leads | AA31: =IFERROR(VLOOKUP(B31,Annuaire_roster!B:I,6,0),"-") -> 0 | AB31: =IF(AND(D31="Congé",F31="Congé"),0.333333333333333,IF(OR(AND(D31="Congé",F31<>"Congé"),(AND(F31="Congé",D31<>"Congé"))),0.166666666666667,"")) | AC31: =IF(AND(D31="Congé sans solde",F31="Congé sans solde"),0.333333333333333,IF(OR(AND(D31="Congé sans solde",F31<>"Congé sans solde"),(AND(F31="Congé sans solde",D31<>"Congé sans solde"))),0.166666666666667,"")) | AD31: =IF(AND(D31="Congé spécial",F31="Congé spécial"),0.333333333333333,IF(OR(AND(D31="Congé spécial",F31<>"Congé décès"),(AND(F31="Congé spécial",D31<>"Congé spécial"))),0.166666666666667,"")) | AE31: =IF(AND(D31="Férié",F31="Férié"),0.333333333333333,IF(OR(AND(D31="Férié",F31<>"Férié"),(AND(F31="Férié",D31<>"Férié"))),0.166666666666667,""))
A32: =VLOOKUP(B32,Annuaire_roster!B:F,5,0) -> 952 | B32: EL HARROUCHI CHAIMAE | D32: {=IFERROR(INDEX(Planning2[],MATCH(1,(Planning2[Nom]=B32)*(Planning2[Date]=Q32),0),3),"-")} -> OFF | F32: {=IFERROR(INDEX(Planning2[],MATCH(1,(Planning2[Nom]=B32)*(Planning2[Date]=Q32),0),4),"-")} -> OFF | I32: =IF(IF(OR(C32="",D32="Congé",D32="OFF",D32="Congé spécial"),"",IF(D32>F32,D32-C32,IF(C32-D32<0,0,C32-D32)))<0.00068287037037037,"",IF(OR(D32="Congé",D32="OFF",C32="",D32="Congé spécial"),"",IF(D32>F32,D32-C32,IF(C32-D32<0,0,C32-D32)))) | K32: =IF(SUM(H32:J32)<0.00068287037037037,0,SUM(H32:J32)) -> 0 | L32: =IF(OR(F32="Congé",F32="OFF",M32="Abs",F32="Congé sans solde",F32="Férié",F32="Congé spécial",D32="Congé spécial"),0,IF(F32-E32<0,0,IF(F32-E32<=0.00068287037037037,0,F32-E32))) -> 0 | M32: =IF(AND(O32<>0,C32=""),"Abs",0) -> 0 | N32: =IFERROR(IF(OR(D32="OFF",D32="Congé",M32="Abs",D32="Congé sans solde",D32="Férié"),"",IF(O32-K32-L32>O32,O32,IF(O32-K32-L32<0,"",O32-K32-L32))),"") | O32: =IF(AG32="2H Pause déjeuner",IF(F32-D32-0.0833333333333333<0,F32-D32-0.0833333333333333+1,F32-D32-0.0833333333333333),IF(OR(AND(F32="OFF",D32="OFF"),AND(F32="Congé",D32="Congé"),AND(F32="Congé sans solde",D32="Congé sans solde"),AND(F32="Congé spécial",D32="Congé spécial"),AND(F32="Férié",D32="Férié"),AND(F32="OFF",D32="Congé"),AND(F32="OFF",D32="Congé sans solde"),AND(F32="OFF",D32="Congé spécial"),AND(F32="OFF",D32="Férié"),AND(F32="Congé",D32="OFF"),AND(F32="Congé",D32="Congé sans solde"),AND(F32="Congé",D32="Congé spécial"),AND(F32="Congé",D32="Férié"),AND(F32="Congé sans solde",D32="OFF"),AND(F32="Congé sans solde",D32="Congé"),AND(F32="Congé sans solde",D32="Congé spécial"),AND(F32="Congé sans solde",D32="Férié"),AND(F32="Congé spécial",D32="OFF"),AND(F32="Congé spécial",D32="Congé"),AND(F32="Congé spécial",D32="Congé sans solde"),AND(F32="Congé spécial",D32="Férié"),AND(F32="Férié",D32="OFF"),AND(F32="Férié",D32="Congé"),AND(F32="Férié",D32="Congé sans solde"),AND(F32="Férié",D32="Congé spécial")),0,IF(OR(F32="OFF",F32="Congé",F32="Congé spécial",F32="Congé sans solde",D32="OFF",D32="Congé",D32="Congé spécial",D32="Congé sans solde"),0.208333333333334,IF(AND(AG32="",F32-D32<0),("24:00:00"-D32)+("00:00:00"+F32)-0.0416666666666667,IF(AND(OR(AG32="Allaitement",AG32="Sans déjeuner"),F32-D32<0),("24:00:00"-D32)+("00:00:00"+F32),IF(AND(AG32="",F32-D32>0.166666666666667),F32-D32-0.0416666666666667,IF(AND(OR(AG32="Allaitement",AG32="Sans déjeuner"),F32-D32>0.166666666666667),F32-D32,F32-D32))))))) -> 0 | P32: =IFERROR(VLOOKUP($B32,Annuaire_roster!$B:$G,MATCH(P$1,Annuaire_roster!$B$1:$G$1,0),0),"-") -> Google Leads | Q32: 44717 | R32: =IF(M32="Abs",O32,0) -> 0 | S32: =SUM(R32,L32,I32,J32,W32,H32) -> 0 | T32: ="Sem - "&WEEKNUM(Q32,21) -> Sem - 23 | U32: =PROPER(TEXT(Q32,"mmmm")) -> Juin | V32: =+TEXT(Q32,"aaa") -> 2026 | X32: =IFERROR(IF(M32="Abs",0,IF((D32-C32+E32-F32)<0.000694444444444444,0,(D32-C32+E32-F32))),0) -> 0 | Y32: =IFERROR(VLOOKUP(B32,Annuaire_roster!B:E,4,0),"-") -> OUAQERROUCH Nour-El Houda | Z32: =IFERROR(VLOOKUP(B32,Annuaire_roster!B:F,3,0),"-") -> Google Leads | AA32: =IFERROR(VLOOKUP(B32,Annuaire_roster!B:I,6,0),"-") -> Forfaitaire | AB32: =IF(AND(D32="Congé",F32="Congé"),0.333333333333333,IF(OR(AND(D32="Congé",F32<>"Congé"),(AND(F32="Congé",D32<>"Congé"))),0.166666666666667,"")) | AC32: =IF(AND(D32="Congé sans solde",F32="Congé sans solde"),0.333333333333333,IF(OR(AND(D32="Congé sans solde",F32<>"Congé sans solde"),(AND(F32="Congé sans solde",D32<>"Congé sans solde"))),0.166666666666667,"")) | AD32: =IF(AND(D32="Congé spécial",F32="Congé spécial"),0.333333333333333,IF(OR(AND(D32="Congé spécial",F32<>"Congé décès"),(AND(F32="Congé spécial",D32<>"Congé spécial"))),0.166666666666667,"")) | AE32: =IF(AND(D32="Férié",F32="Férié"),0.333333333333333,IF(OR(AND(D32="Férié",F32<>"Férié"),(AND(F32="Férié",D32<>"Férié"))),0.166666666666667,""))
A33: =VLOOKUP(B33,Annuaire_roster!B:F,5,0) -> 1170 | B33: TOURE ABIBOU | D33: {=IFERROR(INDEX(Planning2[],MATCH(1,(Planning2[Nom]=B33)*(Planning2[Date]=Q33),0),3),"-")} -> OFF | F33: {=IFERROR(INDEX(Planning2[],MATCH(1,(Planning2[Nom]=B33)*(Planning2[Date]=Q33),0),4),"-")} -> OFF | I33: =IF(IF(OR(C33="",D33="Congé",D33="OFF",D33="Congé spécial"),"",IF(D33>F33,D33-C33,IF(C33-D33<0,0,C33-D33)))<0.00068287037037037,"",IF(OR(D33="Congé",D33="OFF",C33="",D33="Congé spécial"),"",IF(D33>F33,D33-C33,IF(C33-D33<0,0,C33-D33)))) | K33: =IF(SUM(H33:J33)<0.00068287037037037,0,SUM(H33:J33)) -> 0 | L33: =IF(OR(F33="Congé",F33="OFF",M33="Abs",F33="Congé sans solde",F33="Férié",F33="Congé spécial",D33="Congé spécial"),0,IF(F33-E33<0,0,IF(F33-E33<=0.00068287037037037,0,F33-E33))) -> 0 | M33: =IF(AND(O33<>0,C33=""),"Abs",0) -> 0 | N33: =IFERROR(IF(OR(D33="OFF",D33="Congé",M33="Abs",D33="Congé sans solde",D33="Férié"),"",IF(O33-K33-L33>O33,O33,IF(O33-K33-L33<0,"",O33-K33-L33))),"") | O33: =IF(AG33="2H Pause déjeuner",IF(F33-D33-0.0833333333333333<0,F33-D33-0.0833333333333333+1,F33-D33-0.0833333333333333),IF(OR(AND(F33="OFF",D33="OFF"),AND(F33="Congé",D33="Congé"),AND(F33="Congé sans solde",D33="Congé sans solde"),AND(F33="Congé spécial",D33="Congé spécial"),AND(F33="Férié",D33="Férié"),AND(F33="OFF",D33="Congé"),AND(F33="OFF",D33="Congé sans solde"),AND(F33="OFF",D33="Congé spécial"),AND(F33="OFF",D33="Férié"),AND(F33="Congé",D33="OFF"),AND(F33="Congé",D33="Congé sans solde"),AND(F33="Congé",D33="Congé spécial"),AND(F33="Congé",D33="Férié"),AND(F33="Congé sans solde",D33="OFF"),AND(F33="Congé sans solde",D33="Congé"),AND(F33="Congé sans solde",D33="Congé spécial"),AND(F33="Congé sans solde",D33="Férié"),AND(F33="Congé spécial",D33="OFF"),AND(F33="Congé spécial",D33="Congé"),AND(F33="Congé spécial",D33="Congé sans solde"),AND(F33="Congé spécial",D33="Férié"),AND(F33="Férié",D33="OFF"),AND(F33="Férié",D33="Congé"),AND(F33="Férié",D33="Congé sans solde"),AND(F33="Férié",D33="Congé spécial")),0,IF(OR(F33="OFF",F33="Congé",F33="Congé spécial",F33="Congé sans solde",D33="OFF",D33="Congé",D33="Congé spécial",D33="Congé sans solde"),0.208333333333334,IF(AND(AG33="",F33-D33<0),("24:00:00"-D33)+("00:00:00"+F33)-0.0416666666666667,IF(AND(OR(AG33="Allaitement",AG33="Sans déjeuner"),F33-D33<0),("24:00:00"-D33)+("00:00:00"+F33),IF(AND(AG33="",F33-D33>0.166666666666667),F33-D33-0.0416666666666667,IF(AND(OR(AG33="Allaitement",AG33="Sans déjeuner"),F33-D33>0.166666666666667),F33-D33,F33-D33))))))) -> 0 | P33: =IFERROR(VLOOKUP($B33,Annuaire_roster!$B:$G,MATCH(P$1,Annuaire_roster!$B$1:$G$1,0),0),"-") -> Google Leads | Q33: 44717 | R33: =IF(M33="Abs",O33,0) -> 0 | S33: =SUM(R33,L33,I33,J33,W33,H33) -> 0 | T33: ="Sem - "&WEEKNUM(Q33,21) -> Sem - 23 | U33: =PROPER(TEXT(Q33,"mmmm")) -> Juin | V33: =+TEXT(Q33,"aaa") -> 2026 | X33: =IFERROR(IF(M33="Abs",0,IF((D33-C33+E33-F33)<0.000694444444444444,0,(D33-C33+E33-F33))),0) -> 0 | Y33: =IFERROR(VLOOKUP(B33,Annuaire_roster!B:E,4,0),"-") -> CHOUIFI Mustapha | Z33: =IFERROR(VLOOKUP(B33,Annuaire_roster!B:F,3,0),"-") -> Google Leads | AA33: =IFERROR(VLOOKUP(B33,Annuaire_roster!B:I,6,0),"-") -> Forfaitaire | AB33: =IF(AND(D33="Congé",F33="Congé"),0.333333333333333,IF(OR(AND(D33="Congé",F33<>"Congé"),(AND(F33="Congé",D33<>"Congé"))),0.166666666666667,"")) | AC33: =IF(AND(D33="Congé sans solde",F33="Congé sans solde"),0.333333333333333,IF(OR(AND(D33="Congé sans solde",F33<>"Congé sans solde"),(AND(F33="Congé sans solde",D33<>"Congé sans solde"))),0.166666666666667,"")) | AD33: =IF(AND(D33="Congé spécial",F33="Congé spécial"),0.333333333333333,IF(OR(AND(D33="Congé spécial",F33<>"Congé décès"),(AND(F33="Congé spécial",D33<>"Congé spécial"))),0.166666666666667,"")) | AE33: =IF(AND(D33="Férié",F33="Férié"),0.333333333333333,IF(OR(AND(D33="Férié",F33<>"Férié"),(AND(F33="Férié",D33<>"Férié"))),0.166666666666667,""))
A34: =VLOOKUP(B34,Annuaire_roster!B:F,5,0) -> 742 | B34: ZAKI OMAR | C34: 0.29166667 | D34: {=IFERROR(INDEX(Planning2[],MATCH(1,(Planning2[Nom]=B34)*(Planning2[Date]=Q34),0),3),"-")} -> 0.29166667 | E34: 0.70833333 | F34: {=IFERROR(INDEX(Planning2[],MATCH(1,(Planning2[Nom]=B34)*(Planning2[Date]=Q34),0),4),"-")} -> 0.70833333 | I34: =IF(IF(OR(C34="",D34="Congé",D34="OFF",D34="Congé spécial"),"",IF(D34>F34,D34-C34,IF(C34-D34<0,0,C34-D34)))<0.00068287037037037,"",IF(OR(D34="Congé",D34="OFF",C34="",D34="Congé spécial"),"",IF(D34>F34,D34-C34,IF(C34-D34<0,0,C34-D34)))) | K34: =IF(SUM(H34:J34)<0.00068287037037037,0,SUM(H34:J34)) -> 0 | L34: =IF(OR(F34="Congé",F34="OFF",M34="Abs",F34="Congé sans solde",F34="Férié",F34="Congé spécial",D34="Congé spécial"),0,IF(F34-E34<0,0,IF(F34-E34<=0.00068287037037037,0,F34-E34))) -> 0 | M34: =IF(AND(O34<>0,C34=""),"Abs",0) -> 0 | N34: =IFERROR(IF(OR(D34="OFF",D34="Congé",M34="Abs",D34="Congé sans solde",D34="Férié"),"",IF(O34-K34-L34>O34,O34,IF(O34-K34-L34<0,"",O34-K34-L34))),"") -> 0.375 | O34: =IF(AG34="2H Pause déjeuner",IF(F34-D34-0.0833333333333333<0,F34-D34-0.0833333333333333+1,F34-D34-0.0833333333333333),IF(OR(AND(F34="OFF",D34="OFF"),AND(F34="Congé",D34="Congé"),AND(F34="Congé sans solde",D34="Congé sans solde"),AND(F34="Congé spécial",D34="Congé spécial"),AND(F34="Férié",D34="Férié"),AND(F34="OFF",D34="Congé"),AND(F34="OFF",D34="Congé sans solde"),AND(F34="OFF",D34="Congé spécial"),AND(F34="OFF",D34="Férié"),AND(F34="Congé",D34="OFF"),AND(F34="Congé",D34="Congé sans solde"),AND(F34="Congé",D34="Congé spécial"),AND(F34="Congé",D34="Férié"),AND(F34="Congé sans solde",D34="OFF"),AND(F34="Congé sans solde",D34="Congé"),AND(F34="Congé sans solde",D34="Congé spécial"),AND(F34="Congé sans solde",D34="Férié"),AND(F34="Congé spécial",D34="OFF"),AND(F34="Congé spécial",D34="Congé"),AND(F34="Congé spécial",D34="Congé sans solde"),AND(F34="Congé spécial",D34="Férié"),AND(F34="Férié",D34="OFF"),AND(F34="Férié",D34="Congé"),AND(F34="Férié",D34="Congé sans solde"),AND(F34="Férié",D34="Congé spécial")),0,IF(OR(F34="OFF",F34="Congé",F34="Congé spécial",F34="Congé sans solde",D34="OFF",D34="Congé",D34="Congé spécial",D34="Congé sans solde"),0.208333333333334,IF(AND(AG34="",F34-D34<0),("24:00:00"-D34)+("00:00:00"+F34)-0.0416666666666667,IF(AND(OR(AG34="Allaitement",AG34="Sans déjeuner"),F34-D34<0),("24:00:00"-D34)+("00:00:00"+F34),IF(AND(AG34="",F34-D34>0.166666666666667),F34-D34-0.0416666666666667,IF(AND(OR(AG34="Allaitement",AG34="Sans déjeuner"),F34-D34>0.166666666666667),F34-D34,F34-D34))))))) -> 0.375 | P34: =IFERROR(VLOOKUP($B34,Annuaire_roster!$B:$G,MATCH(P$1,Annuaire_roster!$B$1:$G$1,0),0),"-") -> Google Leads | Q34: 44718 | R34: =IF(M34="Abs",O34,0) -> 0 | S34: =SUM(R34,L34,I34,J34,W34,H34) -> 0 | T34: ="Sem - "&WEEKNUM(Q34,21) -> Sem - 23 | U34: =PROPER(TEXT(Q34,"mmmm")) -> Juin | V34: =+TEXT(Q34,"aaa") -> 2026 | X34: =IFERROR(IF(M34="Abs",0,IF((D34-C34+E34-F34)<0.000694444444444444,0,(D34-C34+E34-F34))),0) -> 0 | Y34: =IFERROR(VLOOKUP(B34,Annuaire_roster!B:E,4,0),"-") -> OUAQERROUCH Nour-El Houda | Z34: =IFERROR(VLOOKUP(B34,Annuaire_roster!B:F,3,0),"-") -> Google Leads | AA34: =IFERROR(VLOOKUP(B34,Annuaire_roster!B:I,6,0),"-") -> Forfaitaire | AB34: =IF(AND(D34="Congé",F34="Congé"),0.333333333333333,IF(OR(AND(D34="Congé",F34<>"Congé"),(AND(F34="Congé",D34<>"Congé"))),0.166666666666667,"")) | AC34: =IF(AND(D34="Congé sans solde",F34="Congé sans solde"),0.333333333333333,IF(OR(AND(D34="Congé sans solde",F34<>"Congé sans solde"),(AND(F34="Congé sans solde",D34<>"Congé sans solde"))),0.166666666666667,"")) | AD34: =IF(AND(D34="Congé spécial",F34="Congé spécial"),0.333333333333333,IF(OR(AND(D34="Congé spécial",F34<>"Congé décès"),(AND(F34="Congé spécial",D34<>"Congé spécial"))),0.166666666666667,"")) | AE34: =IF(AND(D34="Férié",F34="Férié"),0.333333333333333,IF(OR(AND(D34="Férié",F34<>"Férié"),(AND(F34="Férié",D34<>"Férié"))),0.166666666666667,""))
A35: =VLOOKUP(B35,Annuaire_roster!B:F,5,0) -> 1007 | B35: GUEYE MOUHAMED | C35: 0.32013889 | D35: {=IFERROR(INDEX(Planning2[],MATCH(1,(Planning2[Nom]=B35)*(Planning2[Date]=Q35),0),3),"-")} -> 0.29166667 | E35: 0.70833333 | F35: {=IFERROR(INDEX(Planning2[],MATCH(1,(Planning2[Nom]=B35)*(Planning2[Date]=Q35),0),4),"-")} -> 0.70833333 | I35: =IF(IF(OR(C35="",D35="Congé",D35="OFF",D35="Congé spécial"),"",IF(D35>F35,D35-C35,IF(C35-D35<0,0,C35-D35)))<0.00068287037037037,"",IF(OR(D35="Congé",D35="OFF",C35="",D35="Congé spécial"),"",IF(D35>F35,D35-C35,IF(C35-D35<0,0,C35-D35)))) -> 0.028472222 | K35: =IF(SUM(H35:J35)<0.00068287037037037,0,SUM(H35:J35)) -> 0.028472222 | L35: =IF(OR(F35="Congé",F35="OFF",M35="Abs",F35="Congé sans solde",F35="Férié",F35="Congé spécial",D35="Congé spécial"),0,IF(F35-E35<0,0,IF(F35-E35<=0.00068287037037037,0,F35-E35))) -> 0 | M35: =IF(AND(O35<>0,C35=""),"Abs",0) -> 0 | N35: =IFERROR(IF(OR(D35="OFF",D35="Congé",M35="Abs",D35="Congé sans solde",D35="Férié"),"",IF(O35-K35-L35>O35,O35,IF(O35-K35-L35<0,"",O35-K35-L35))),"") -> 0.34652778 | O35: =IF(AG35="2H Pause déjeuner",IF(F35-D35-0.0833333333333333<0,F35-D35-0.0833333333333333+1,F35-D35-0.0833333333333333),IF(OR(AND(F35="OFF",D35="OFF"),AND(F35="Congé",D35="Congé"),AND(F35="Congé sans solde",D35="Congé sans solde"),AND(F35="Congé spécial",D35="Congé spécial"),AND(F35="Férié",D35="Férié"),AND(F35="OFF",D35="Congé"),AND(F35="OFF",D35="Congé sans solde"),AND(F35="OFF",D35="Congé spécial"),AND(F35="OFF",D35="Férié"),AND(F35="Congé",D35="OFF"),AND(F35="Congé",D35="Congé sans solde"),AND(F35="Congé",D35="Congé spécial"),AND(F35="Congé",D35="Férié"),AND(F35="Congé sans solde",D35="OFF"),AND(F35="Congé sans solde",D35="Congé"),AND(F35="Congé sans solde",D35="Congé spécial"),AND(F35="Congé sans solde",D35="Férié"),AND(F35="Congé spécial",D35="OFF"),AND(F35="Congé spécial",D35="Congé"),AND(F35="Congé spécial",D35="Congé sans solde"),AND(F35="Congé spécial",D35="Férié"),AND(F35="Férié",D35="OFF"),AND(F35="Férié",D35="Congé"),AND(F35="Férié",D35="Congé sans solde"),AND(F35="Férié",D35="Congé spécial")),0,IF(OR(F35="OFF",F35="Congé",F35="Congé spécial",F35="Congé sans solde",D35="OFF",D35="Congé",D35="Congé spécial",D35="Congé sans solde"),0.208333333333334,IF(AND(AG35="",F35-D35<0),("24:00:00"-D35)+("00:00:00"+F35)-0.0416666666666667,IF(AND(OR(AG35="Allaitement",AG35="Sans déjeuner"),F35-D35<0),("24:00:00"-D35)+("00:00:00"+F35),IF(AND(AG35="",F35-D35>0.166666666666667),F35-D35-0.0416666666666667,IF(AND(OR(AG35="Allaitement",AG35="Sans déjeuner"),F35-D35>0.166666666666667),F35-D35,F35-D35))))))) -> 0.375 | P35: =IFERROR(VLOOKUP($B35,Annuaire_roster!$B:$G,MATCH(P$1,Annuaire_roster!$B$1:$G$1,0),0),"-") -> Google Leads | Q35: 44718 | R35: =IF(M35="Abs",O35,0) -> 0 | S35: =SUM(R35,L35,I35,J35,W35,H35) -> 0.028472222 | T35: ="Sem - "&WEEKNUM(Q35,21) -> Sem - 23 | U35: =PROPER(TEXT(Q35,"mmmm")) -> Juin | V35: =+TEXT(Q35,"aaa") -> 2026 | X35: =IFERROR(IF(M35="Abs",0,IF((D35-C35+E35-F35)<0.000694444444444444,0,(D35-C35+E35-F35))),0) -> 0 | Y35: =IFERROR(VLOOKUP(B35,Annuaire_roster!B:E,4,0),"-") -> OUAQERROUCH Nour-El Houda | Z35: =IFERROR(VLOOKUP(B35,Annuaire_roster!B:F,3,0),"-") -> Google Leads | AA35: =IFERROR(VLOOKUP(B35,Annuaire_roster!B:I,6,0),"-") -> Forfaitaire | AB35: =IF(AND(D35="Congé",F35="Congé"),0.333333333333333,IF(OR(AND(D35="Congé",F35<>"Congé"),(AND(F35="Congé",D35<>"Congé"))),0.166666666666667,"")) | AC35: =IF(AND(D35="Congé sans solde",F35="Congé sans solde"),0.333333333333333,IF(OR(AND(D35="Congé sans solde",F35<>"Congé sans solde"),(AND(F35="Congé sans solde",D35<>"Congé sans solde"))),0.166666666666667,"")) | AD35: =IF(AND(D35="Congé spécial",F35="Congé spécial"),0.333333333333333,IF(OR(AND(D35="Congé spécial",F35<>"Congé décès"),(AND(F35="Congé spécial",D35<>"Congé spécial"))),0.166666666666667,"")) | AE35: =IF(AND(D35="Férié",F35="Férié"),0.333333333333333,IF(OR(AND(D35="Férié",F35<>"Férié"),(AND(F35="Férié",D35<>"Férié"))),0.166666666666667,""))
A36: =VLOOKUP(B36,Annuaire_roster!B:F,5,0) -> 1145 | B36: DIOUF OUSSMANE | C36: 0.28958333 | D36: {=IFERROR(INDEX(Planning2[],MATCH(1,(Planning2[Nom]=B36)*(Planning2[Date]=Q36),0),3),"-")} -> 0.29166667 | E36: 0.66666667 | F36: {=IFERROR(INDEX(Planning2[],MATCH(1,(Planning2[Nom]=B36)*(Planning2[Date]=Q36),0),4),"-")} -> 0.66666667 | I36: =IF(IF(OR(C36="",D36="Congé",D36="OFF",D36="Congé spécial"),"",IF(D36>F36,D36-C36,IF(C36-D36<0,0,C36-D36)))<0.00068287037037037,"",IF(OR(D36="Congé",D36="OFF",C36="",D36="Congé spécial"),"",IF(D36>F36,D36-C36,IF(C36-D36<0,0,C36-D36)))) | K36: =IF(SUM(H36:J36)<0.00068287037037037,0,SUM(H36:J36)) -> 0 | L36: =IF(OR(F36="Congé",F36="OFF",M36="Abs",F36="Congé sans solde",F36="Férié",F36="Congé spécial",D36="Congé spécial"),0,IF(F36-E36<0,0,IF(F36-E36<=0.00068287037037037,0,F36-E36))) -> 0 | M36: =IF(AND(O36<>0,C36=""),"Abs",0) -> 0 | N36: =IFERROR(IF(OR(D36="OFF",D36="Congé",M36="Abs",D36="Congé sans solde",D36="Férié"),"",IF(O36-K36-L36>O36,O36,IF(O36-K36-L36<0,"",O36-K36-L36))),"") -> 0.33333333 | O36: =IF(AG36="2H Pause déjeuner",IF(F36-D36-0.0833333333333333<0,F36-D36-0.0833333333333333+1,F36-D36-0.0833333333333333),IF(OR(AND(F36="OFF",D36="OFF"),AND(F36="Congé",D36="Congé"),AND(F36="Congé sans solde",D36="Congé sans solde"),AND(F36="Congé spécial",D36="Congé spécial"),AND(F36="Férié",D36="Férié"),AND(F36="OFF",D36="Congé"),AND(F36="OFF",D36="Congé sans solde"),AND(F36="OFF",D36="Congé spécial"),AND(F36="OFF",D36="Férié"),AND(F36="Congé",D36="OFF"),AND(F36="Congé",D36="Congé sans solde"),AND(F36="Congé",D36="Congé spécial"),AND(F36="Congé",D36="Férié"),AND(F36="Congé sans solde",D36="OFF"),AND(F36="Congé sans solde",D36="Congé"),AND(F36="Congé sans solde",D36="Congé spécial"),AND(F36="Congé sans solde",D36="Férié"),AND(F36="Congé spécial",D36="OFF"),AND(F36="Congé spécial",D36="Congé"),AND(F36="Congé spécial",D36="Congé sans solde"),AND(F36="Congé spécial",D36="Férié"),AND(F36="Férié",D36="OFF"),AND(F36="Férié",D36="Congé"),AND(F36="Férié",D36="Congé sans solde"),AND(F36="Férié",D36="Congé spécial")),0,IF(OR(F36="OFF",F36="Congé",F36="Congé spécial",F36="Congé sans solde",D36="OFF",D36="Congé",D36="Congé spécial",D36="Congé sans solde"),0.208333333333334,IF(AND(AG36="",F36-D36<0),("24:00:00"-D36)+("00:00:00"+F36)-0.0416666666666667,IF(AND(OR(AG36="Allaitement",AG36="Sans déjeuner"),F36-D36<0),("24:00:00"-D36)+("00:00:00"+F36),IF(AND(AG36="",F36-D36>0.166666666666667),F36-D36-0.0416666666666667,IF(AND(OR(AG36="Allaitement",AG36="Sans déjeuner"),F36-D36>0.166666666666667),F36-D36,F36-D36))))))) -> 0.33333333 | P36: =IFERROR(VLOOKUP($B36,Annuaire_roster!$B:$G,MATCH(P$1,Annuaire_roster!$B$1:$G$1,0),0),"-") -> Google Leads | Q36: 44718 | R36: =IF(M36="Abs",O36,0) -> 0 | S36: =SUM(R36,L36,I36,J36,W36,H36) -> 0 | T36: ="Sem - "&WEEKNUM(Q36,21) -> Sem - 23 | U36: =PROPER(TEXT(Q36,"mmmm")) -> Juin | V36: =+TEXT(Q36,"aaa") -> 2026 | X36: =IFERROR(IF(M36="Abs",0,IF((D36-C36+E36-F36)<0.000694444444444444,0,(D36-C36+E36-F36))),0) -> 0.0020833333 | Y36: =IFERROR(VLOOKUP(B36,Annuaire_roster!B:E,4,0),"-") -> CHOUIFI Mustapha | Z36: =IFERROR(VLOOKUP(B36,Annuaire_roster!B:F,3,0),"-") -> Google Leads | AA36: =IFERROR(VLOOKUP(B36,Annuaire_roster!B:I,6,0),"-") -> Forfaitaire | AB36: =IF(AND(D36="Congé",F36="Congé"),0.333333333333333,IF(OR(AND(D36="Congé",F36<>"Congé"),(AND(F36="Congé",D36<>"Congé"))),0.166666666666667,"")) | AC36: =IF(AND(D36="Congé sans solde",F36="Congé sans solde"),0.333333333333333,IF(OR(AND(D36="Congé sans solde",F36<>"Congé sans solde"),(AND(F36="Congé sans solde",D36<>"Congé sans solde"))),0.166666666666667,"")) | AD36: =IF(AND(D36="Congé spécial",F36="Congé spécial"),0.333333333333333,IF(OR(AND(D36="Congé spécial",F36<>"Congé décès"),(AND(F36="Congé spécial",D36<>"Congé spécial"))),0.166666666666667,"")) | AE36: =IF(AND(D36="Férié",F36="Férié"),0.333333333333333,IF(OR(AND(D36="Férié",F36<>"Férié"),(AND(F36="Férié",D36<>"Férié"))),0.166666666666667,""))
A37: =VLOOKUP(B37,Annuaire_roster!B:F,5,0) -> 0 | B37: AZHARI ABDELHAMID | C37: 0.56875 | D37: {=IFERROR(INDEX(Planning2[],MATCH(1,(Planning2[Nom]=B37)*(Planning2[Date]=Q37),0),3),"-")} -> 0.29166667 | E37: 0.70833333 | F37: {=IFERROR(INDEX(Planning2[],MATCH(1,(Planning2[Nom]=B37)*(Planning2[Date]=Q37),0),4),"-")} -> 0.70833333 | I37: 0.23541667 | K37: =IF(SUM(H37:J37)<0.00068287037037037,0,SUM(H37:J37)) -> 0.23541667 | L37: =IF(OR(F37="Congé",F37="OFF",M37="Abs",F37="Congé sans solde",F37="Férié",F37="Congé spécial",D37="Congé spécial"),0,IF(F37-E37<0,0,IF(F37-E37<=0.00068287037037037,0,F37-E37))) -> 0 | M37: =IF(AND(O37<>0,C37=""),"Abs",0) -> 0 | N37: =IFERROR(IF(OR(D37="OFF",D37="Congé",M37="Abs",D37="Congé sans solde",D37="Férié"),"",IF(O37-K37-L37>O37,O37,IF(O37-K37-L37<0,"",O37-K37-L37))),"") -> 0.13958333 | O37: =IF(AG37="2H Pause déjeuner",IF(F37-D37-0.0833333333333333<0,F37-D37-0.0833333333333333+1,F37-D37-0.0833333333333333),IF(OR(AND(F37="OFF",D37="OFF"),AND(F37="Congé",D37="Congé"),AND(F37="Congé sans solde",D37="Congé sans solde"),AND(F37="Congé spécial",D37="Congé spécial"),AND(F37="Férié",D37="Férié"),AND(F37="OFF",D37="Congé"),AND(F37="OFF",D37="Congé sans solde"),AND(F37="OFF",D37="Congé spécial"),AND(F37="OFF",D37="Férié"),AND(F37="Congé",D37="OFF"),AND(F37="Congé",D37="Congé sans solde"),AND(F37="Congé",D37="Congé spécial"),AND(F37="Congé",D37="Férié"),AND(F37="Congé sans solde",D37="OFF"),AND(F37="Congé sans solde",D37="Congé"),AND(F37="Congé sans solde",D37="Congé spécial"),AND(F37="Congé sans solde",D37="Férié"),AND(F37="Congé spécial",D37="OFF"),AND(F37="Congé spécial",D37="Congé"),AND(F37="Congé spécial",D37="Congé sans solde"),AND(F37="Congé spécial",D37="Férié"),AND(F37="Férié",D37="OFF"),AND(F37="Férié",D37="Congé"),AND(F37="Férié",D37="Congé sans solde"),AND(F37="Férié",D37="Congé spécial")),0,IF(OR(F37="OFF",F37="Congé",F37="Congé spécial",F37="Congé sans solde",D37="OFF",D37="Congé",D37="Congé spécial",D37="Congé sans solde"),0.208333333333334,IF(AND(AG37="",F37-D37<0),("24:00:00"-D37)+("00:00:00"+F37)-0.0416666666666667,IF(AND(OR(AG37="Allaitement",AG37="Sans déjeuner"),F37-D37<0),("24:00:00"-D37)+("00:00:00"+F37),IF(AND(AG37="",F37-D37>0.166666666666667),F37-D37-0.0416666666666667,IF(AND(OR(AG37="Allaitement",AG37="Sans déjeuner"),F37-D37>0.166666666666667),F37-D37,F37-D37))))))) -> 0.375 | P37: =IFERROR(VLOOKUP($B37,Annuaire_roster!$B:$G,MATCH(P$1,Annuaire_roster!$B$1:$G$1,0),0),"-") -> Google Leads | Q37: 44718 | R37: =IF(M37="Abs",O37,0) -> 0 | S37: =SUM(R37,L37,I37,J37,W37,H37) -> 0.23541667 | T37: ="Sem - "&WEEKNUM(Q37,21) -> Sem - 23 | U37: =PROPER(TEXT(Q37,"mmmm")) -> Juin | V37: =+TEXT(Q37,"aaa") -> 2026 | X37: =IFERROR(IF(M37="Abs",0,IF((D37-C37+E37-F37)<0.000694444444444444,0,(D37-C37+E37-F37))),0) -> 0 | Y37: =IFERROR(VLOOKUP(B37,Annuaire_roster!B:E,4,0),"-") -> 0 | Z37: =IFERROR(VLOOKUP(B37,Annuaire_roster!B:F,3,0),"-") -> Google Leads | AA37: =IFERROR(VLOOKUP(B37,Annuaire_roster!B:I,6,0),"-") -> 0 | AB37: =IF(AND(D37="Congé",F37="Congé"),0.333333333333333,IF(OR(AND(D37="Congé",F37<>"Congé"),(AND(F37="Congé",D37<>"Congé"))),0.166666666666667,"")) | AC37: =IF(AND(D37="Congé sans solde",F37="Congé sans solde"),0.333333333333333,IF(OR(AND(D37="Congé sans solde",F37<>"Congé sans solde"),(AND(F37="Congé sans solde",D37<>"Congé sans solde"))),0.166666666666667,"")) | AD37: =IF(AND(D37="Congé spécial",F37="Congé spécial"),0.333333333333333,IF(OR(AND(D37="Congé spécial",F37<>"Congé décès"),(AND(F37="Congé spécial",D37<>"Congé spécial"))),0.166666666666667,"")) | AE37: =IF(AND(D37="Férié",F37="Férié"),0.333333333333333,IF(OR(AND(D37="Férié",F37<>"Férié"),(AND(F37="Férié",D37<>"Férié"))),0.166666666666667,""))
A38: =VLOOKUP(B38,Annuaire_roster!B:F,5,0) -> 0 | B38: LALOUN MANAL | C38: 0.28958333 | D38: {=IFERROR(INDEX(Planning2[],MATCH(1,(Planning2[Nom]=B38)*(Planning2[Date]=Q38),0),3),"-")} -> 0.29166667 | E38: 0.66666667 | F38: {=IFERROR(INDEX(Planning2[],MATCH(1,(Planning2[Nom]=B38)*(Planning2[Date]=Q38),0),4),"-")} -> 0.66666667 | I38: =IF(IF(OR(C38="",D38="Congé",D38="OFF",D38="Congé spécial"),"",IF(D38>F38,D38-C38,IF(C38-D38<0,0,C38-D38)))<0.00068287037037037,"",IF(OR(D38="Congé",D38="OFF",C38="",D38="Congé spécial"),"",IF(D38>F38,D38-C38,IF(C38-D38<0,0,C38-D38)))) | K38: =IF(SUM(H38:J38)<0.00068287037037037,0,SUM(H38:J38)) -> 0 | L38: =IF(OR(F38="Congé",F38="OFF",M38="Abs",F38="Congé sans solde",F38="Férié",F38="Congé spécial",D38="Congé spécial"),0,IF(F38-E38<0,0,IF(F38-E38<=0.00068287037037037,0,F38-E38))) -> 0 | M38: =IF(AND(O38<>0,C38=""),"Abs",0) -> 0 | N38: =IFERROR(IF(OR(D38="OFF",D38="Congé",M38="Abs",D38="Congé sans solde",D38="Férié"),"",IF(O38-K38-L38>O38,O38,IF(O38-K38-L38<0,"",O38-K38-L38))),"") -> 0.33333333 | O38: =IF(AG38="2H Pause déjeuner",IF(F38-D38-0.0833333333333333<0,F38-D38-0.0833333333333333+1,F38-D38-0.0833333333333333),IF(OR(AND(F38="OFF",D38="OFF"),AND(F38="Congé",D38="Congé"),AND(F38="Congé sans solde",D38="Congé sans solde"),AND(F38="Congé spécial",D38="Congé spécial"),AND(F38="Férié",D38="Férié"),AND(F38="OFF",D38="Congé"),AND(F38="OFF",D38="Congé sans solde"),AND(F38="OFF",D38="Congé spécial"),AND(F38="OFF",D38="Férié"),AND(F38="Congé",D38="OFF"),AND(F38="Congé",D38="Congé sans solde"),AND(F38="Congé",D38="Congé spécial"),AND(F38="Congé",D38="Férié"),AND(F38="Congé sans solde",D38="OFF"),AND(F38="Congé sans solde",D38="Congé"),AND(F38="Congé sans solde",D38="Congé spécial"),AND(F38="Congé sans solde",D38="Férié"),AND(F38="Congé spécial",D38="OFF"),AND(F38="Congé spécial",D38="Congé"),AND(F38="Congé spécial",D38="Congé sans solde"),AND(F38="Congé spécial",D38="Férié"),AND(F38="Férié",D38="OFF"),AND(F38="Férié",D38="Congé"),AND(F38="Férié",D38="Congé sans solde"),AND(F38="Férié",D38="Congé spécial")),0,IF(OR(F38="OFF",F38="Congé",F38="Congé spécial",F38="Congé sans solde",D38="OFF",D38="Congé",D38="Congé spécial",D38="Congé sans solde"),0.208333333333334,IF(AND(AG38="",F38-D38<0),("24:00:00"-D38)+("00:00:00"+F38)-0.0416666666666667,IF(AND(OR(AG38="Allaitement",AG38="Sans déjeuner"),F38-D38<0),("24:00:00"-D38)+("00:00:00"+F38),IF(AND(AG38="",F38-D38>0.166666666666667),F38-D38-0.0416666666666667,IF(AND(OR(AG38="Allaitement",AG38="Sans déjeuner"),F38-D38>0.166666666666667),F38-D38,F38-D38))))))) -> 0.33333333 | P38: =IFERROR(VLOOKUP($B38,Annuaire_roster!$B:$G,MATCH(P$1,Annuaire_roster!$B$1:$G$1,0),0),"-") -> Google Leads | Q38: 44718 | R38: =IF(M38="Abs",O38,0) -> 0 | S38: =SUM(R38,L38,I38,J38,W38,H38) -> 0 | T38: ="Sem - "&WEEKNUM(Q38,21) -> Sem - 23 | U38: =PROPER(TEXT(Q38,"mmmm")) -> Juin | V38: =+TEXT(Q38,"aaa") -> 2026 | X38: =IFERROR(IF(M38="Abs",0,IF((D38-C38+E38-F38)<0.000694444444444444,0,(D38-C38+E38-F38))),0) -> 0.0020833333 | Y38: =IFERROR(VLOOKUP(B38,Annuaire_roster!B:E,4,0),"-") -> 0 | Z38: =IFERROR(VLOOKUP(B38,Annuaire_roster!B:F,3,0),"-") -> Google Leads | AA38: =IFERROR(VLOOKUP(B38,Annuaire_roster!B:I,6,0),"-") -> 0 | AB38: =IF(AND(D38="Congé",F38="Congé"),0.333333333333333,IF(OR(AND(D38="Congé",F38<>"Congé"),(AND(F38="Congé",D38<>"Congé"))),0.166666666666667,"")) | AC38: =IF(AND(D38="Congé sans solde",F38="Congé sans solde"),0.333333333333333,IF(OR(AND(D38="Congé sans solde",F38<>"Congé sans solde"),(AND(F38="Congé sans solde",D38<>"Congé sans solde"))),0.166666666666667,"")) | AD38: =IF(AND(D38="Congé spécial",F38="Congé spécial"),0.333333333333333,IF(OR(AND(D38="Congé spécial",F38<>"Congé décès"),(AND(F38="Congé spécial",D38<>"Congé spécial"))),0.166666666666667,"")) | AE38: =IF(AND(D38="Férié",F38="Férié"),0.333333333333333,IF(OR(AND(D38="Férié",F38<>"Férié"),(AND(F38="Férié",D38<>"Férié"))),0.166666666666667,""))
A39: =VLOOKUP(B39,Annuaire_roster!B:F,5,0) -> 0 | B39: BOULHROUD SALMA | C39: 0.29166667 | D39: {=IFERROR(INDEX(Planning2[],MATCH(1,(Planning2[Nom]=B39)*(Planning2[Date]=Q39),0),3),"-")} -> 0.29166667 | E39: 0.70833333 | F39: {=IFERROR(INDEX(Planning2[],MATCH(1,(Planning2[Nom]=B39)*(Planning2[Date]=Q39),0),4),"-")} -> 0.70833333 | I39: =IF(IF(OR(C39="",D39="Congé",D39="OFF",D39="Congé spécial"),"",IF(D39>F39,D39-C39,IF(C39-D39<0,0,C39-D39)))<0.00068287037037037,"",IF(OR(D39="Congé",D39="OFF",C39="",D39="Congé spécial"),"",IF(D39>F39,D39-C39,IF(C39-D39<0,0,C39-D39)))) | K39: =IF(SUM(H39:J39)<0.00068287037037037,0,SUM(H39:J39)) -> 0 | L39: =IF(OR(F39="Congé",F39="OFF",M39="Abs",F39="Congé sans solde",F39="Férié",F39="Congé spécial",D39="Congé spécial"),0,IF(F39-E39<0,0,IF(F39-E39<=0.00068287037037037,0,F39-E39))) -> 0 | M39: =IF(AND(O39<>0,C39=""),"Abs",0) -> 0 | N39: =IFERROR(IF(OR(D39="OFF",D39="Congé",M39="Abs",D39="Congé sans solde",D39="Férié"),"",IF(O39-K39-L39>O39,O39,IF(O39-K39-L39<0,"",O39-K39-L39))),"") -> 0.375 | O39: =IF(AG39="2H Pause déjeuner",IF(F39-D39-0.0833333333333333<0,F39-D39-0.0833333333333333+1,F39-D39-0.0833333333333333),IF(OR(AND(F39="OFF",D39="OFF"),AND(F39="Congé",D39="Congé"),AND(F39="Congé sans solde",D39="Congé sans solde"),AND(F39="Congé spécial",D39="Congé spécial"),AND(F39="Férié",D39="Férié"),AND(F39="OFF",D39="Congé"),AND(F39="OFF",D39="Congé sans solde"),AND(F39="OFF",D39="Congé spécial"),AND(F39="OFF",D39="Férié"),AND(F39="Congé",D39="OFF"),AND(F39="Congé",D39="Congé sans solde"),AND(F39="Congé",D39="Congé spécial"),AND(F39="Congé",D39="Férié"),AND(F39="Congé sans solde",D39="OFF"),AND(F39="Congé sans solde",D39="Congé"),AND(F39="Congé sans solde",D39="Congé spécial"),AND(F39="Congé sans solde",D39="Férié"),AND(F39="Congé spécial",D39="OFF"),AND(F39="Congé spécial",D39="Congé"),AND(F39="Congé spécial",D39="Congé sans solde"),AND(F39="Congé spécial",D39="Férié"),AND(F39="Férié",D39="OFF"),AND(F39="Férié",D39="Congé"),AND(F39="Férié",D39="Congé sans solde"),AND(F39="Férié",D39="Congé spécial")),0,IF(OR(F39="OFF",F39="Congé",F39="Congé spécial",F39="Congé sans solde",D39="OFF",D39="Congé",D39="Congé spécial",D39="Congé sans solde"),0.208333333333334,IF(AND(AG39="",F39-D39<0),("24:00:00"-D39)+("00:00:00"+F39)-0.0416666666666667,IF(AND(OR(AG39="Allaitement",AG39="Sans déjeuner"),F39-D39<0),("24:00:00"-D39)+("00:00:00"+F39),IF(AND(AG39="",F39-D39>0.166666666666667),F39-D39-0.0416666666666667,IF(AND(OR(AG39="Allaitement",AG39="Sans déjeuner"),F39-D39>0.166666666666667),F39-D39,F39-D39))))))) -> 0.375 | P39: =IFERROR(VLOOKUP($B39,Annuaire_roster!$B:$G,MATCH(P$1,Annuaire_roster!$B$1:$G$1,0),0),"-") -> Google Leads | Q39: 44718 | R39: =IF(M39="Abs",O39,0) -> 0 | S39: =SUM(R39,L39,I39,J39,W39,H39) -> 0 | T39: ="Sem - "&WEEKNUM(Q39,21) -> Sem - 23 | U39: =PROPER(TEXT(Q39,"mmmm")) -> Juin | V39: =+TEXT(Q39,"aaa") -> 2026 | X39: =IFERROR(IF(M39="Abs",0,IF((D39-C39+E39-F39)<0.000694444444444444,0,(D39-C39+E39-F39))),0) -> 0 | Y39: =IFERROR(VLOOKUP(B39,Annuaire_roster!B:E,4,0),"-") -> 0 | Z39: =IFERROR(VLOOKUP(B39,Annuaire_roster!B:F,3,0),"-") -> Google Leads | AA39: =IFERROR(VLOOKUP(B39,Annuaire_roster!B:I,6,0),"-") -> 0 | AB39: =IF(AND(D39="Congé",F39="Congé"),0.333333333333333,IF(OR(AND(D39="Congé",F39<>"Congé"),(AND(F39="Congé",D39<>"Congé"))),0.166666666666667,"")) | AC39: =IF(AND(D39="Congé sans solde",F39="Congé sans solde"),0.333333333333333,IF(OR(AND(D39="Congé sans solde",F39<>"Congé sans solde"),(AND(F39="Congé sans solde",D39<>"Congé sans solde"))),0.166666666666667,"")) | AD39: =IF(AND(D39="Congé spécial",F39="Congé spécial"),0.333333333333333,IF(OR(AND(D39="Congé spécial",F39<>"Congé décès"),(AND(F39="Congé spécial",D39<>"Congé spécial"))),0.166666666666667,"")) | AE39: =IF(AND(D39="Férié",F39="Férié"),0.333333333333333,IF(OR(AND(D39="Férié",F39<>"Férié"),(AND(F39="Férié",D39<>"Férié"))),0.166666666666667,""))
A40: =VLOOKUP(B40,Annuaire_roster!B:F,5,0) -> 0 | B40: BOURABAA HASSAN | C40: 0.29166667 | D40: {=IFERROR(INDEX(Planning2[],MATCH(1,(Planning2[Nom]=B40)*(Planning2[Date]=Q40),0),3),"-")} -> 0.29166667 | E40: 0.70833333 | F40: {=IFERROR(INDEX(Planning2[],MATCH(1,(Planning2[Nom]=B40)*(Planning2[Date]=Q40),0),4),"-")} -> 0.70833333 | I40: =IF(IF(OR(C40="",D40="Congé",D40="OFF",D40="Congé spécial"),"",IF(D40>F40,D40-C40,IF(C40-D40<0,0,C40-D40)))<0.00068287037037037,"",IF(OR(D40="Congé",D40="OFF",C40="",D40="Congé spécial"),"",IF(D40>F40,D40-C40,IF(C40-D40<0,0,C40-D40)))) | K40: =IF(SUM(H40:J40)<0.00068287037037037,0,SUM(H40:J40)) -> 0 | L40: =IF(OR(F40="Congé",F40="OFF",M40="Abs",F40="Congé sans solde",F40="Férié",F40="Congé spécial",D40="Congé spécial"),0,IF(F40-E40<0,0,IF(F40-E40<=0.00068287037037037,0,F40-E40))) -> 0 | M40: =IF(AND(O40<>0,C40=""),"Abs",0) -> 0 | N40: =IFERROR(IF(OR(D40="OFF",D40="Congé",M40="Abs",D40="Congé sans solde",D40="Férié"),"",IF(O40-K40-L40>O40,O40,IF(O40-K40-L40<0,"",O40-K40-L40))),"") -> 0.375 | O40: =IF(AG40="2H Pause déjeuner",IF(F40-D40-0.0833333333333333<0,F40-D40-0.0833333333333333+1,F40-D40-0.0833333333333333),IF(OR(AND(F40="OFF",D40="OFF"),AND(F40="Congé",D40="Congé"),AND(F40="Congé sans solde",D40="Congé sans solde"),AND(F40="Congé spécial",D40="Congé spécial"),AND(F40="Férié",D40="Férié"),AND(F40="OFF",D40="Congé"),AND(F40="OFF",D40="Congé sans solde"),AND(F40="OFF",D40="Congé spécial"),AND(F40="OFF",D40="Férié"),AND(F40="Congé",D40="OFF"),AND(F40="Congé",D40="Congé sans solde"),AND(F40="Congé",D40="Congé spécial"),AND(F40="Congé",D40="Férié"),AND(F40="Congé sans solde",D40="OFF"),AND(F40="Congé sans solde",D40="Congé"),AND(F40="Congé sans solde",D40="Congé spécial"),AND(F40="Congé sans solde",D40="Férié"),AND(F40="Congé spécial",D40="OFF"),AND(F40="Congé spécial",D40="Congé"),AND(F40="Congé spécial",D40="Congé sans solde"),AND(F40="Congé spécial",D40="Férié"),AND(F40="Férié",D40="OFF"),AND(F40="Férié",D40="Congé"),AND(F40="Férié",D40="Congé sans solde"),AND(F40="Férié",D40="Congé spécial")),0,IF(OR(F40="OFF",F40="Congé",F40="Congé spécial",F40="Congé sans solde",D40="OFF",D40="Congé",D40="Congé spécial",D40="Congé sans solde"),0.208333333333334,IF(AND(AG40="",F40-D40<0),("24:00:00"-D40)+("00:00:00"+F40)-0.0416666666666667,IF(AND(OR(AG40="Allaitement",AG40="Sans déjeuner"),F40-D40<0),("24:00:00"-D40)+("00:00:00"+F40),IF(AND(AG40="",F40-D40>0.166666666666667),F40-D40-0.0416666666666667,IF(AND(OR(AG40="Allaitement",AG40="Sans déjeuner"),F40-D40>0.166666666666667),F40-D40,F40-D40))))))) -> 0.375 | P40: =IFERROR(VLOOKUP($B40,Annuaire_roster!$B:$G,MATCH(P$1,Annuaire_roster!$B$1:$G$1,0),0),"-") -> Google Leads | Q40: 44718 | R40: =IF(M40="Abs",O40,0) -> 0 | S40: =SUM(R40,L40,I40,J40,W40,H40) -> 0 | T40: ="Sem - "&WEEKNUM(Q40,21) -> Sem - 23 | U40: =PROPER(TEXT(Q40,"mmmm")) -> Juin | V40: =+TEXT(Q40,"aaa") -> 2026 | X40: =IFERROR(IF(M40="Abs",0,IF((D40-C40+E40-F40)<0.000694444444444444,0,(D40-C40+E40-F40))),0) -> 0 | Y40: =IFERROR(VLOOKUP(B40,Annuaire_roster!B:E,4,0),"-") -> 0 | Z40: =IFERROR(VLOOKUP(B40,Annuaire_roster!B:F,3,0),"-") -> Google Leads | AA40: =IFERROR(VLOOKUP(B40,Annuaire_roster!B:I,6,0),"-") -> 0 | AB40: =IF(AND(D40="Congé",F40="Congé"),0.333333333333333,IF(OR(AND(D40="Congé",F40<>"Congé"),(AND(F40="Congé",D40<>"Congé"))),0.166666666666667,"")) | AC40: =IF(AND(D40="Congé sans solde",F40="Congé sans solde"),0.333333333333333,IF(OR(AND(D40="Congé sans solde",F40<>"Congé sans solde"),(AND(F40="Congé sans solde",D40<>"Congé sans solde"))),0.166666666666667,"")) | AD40: =IF(AND(D40="Congé spécial",F40="Congé spécial"),0.333333333333333,IF(OR(AND(D40="Congé spécial",F40<>"Congé décès"),(AND(F40="Congé spécial",D40<>"Congé spécial"))),0.166666666666667,"")) | AE40: =IF(AND(D40="Férié",F40="Férié"),0.333333333333333,IF(OR(AND(D40="Férié",F40<>"Férié"),(AND(F40="Férié",D40<>"Férié"))),0.166666666666667,""))
A41: =VLOOKUP(B41,Annuaire_roster!B:F,5,0) -> 669 | B41: NIANG NDEYE ABSA | C41: 0.29027778 | D41: {=IFERROR(INDEX(Planning2[],MATCH(1,(Planning2[Nom]=B41)*(Planning2[Date]=Q41),0),3),"-")} -> 0.29166667 | E41: 0.70833333 | F41: {=IFERROR(INDEX(Planning2[],MATCH(1,(Planning2[Nom]=B41)*(Planning2[Date]=Q41),0),4),"-")} -> 0.70833333 | I41: =IF(IF(OR(C41="",D41="Congé",D41="OFF",D41="Congé spécial"),"",IF(D41>F41,D41-C41,IF(C41-D41<0,0,C41-D41)))<0.00068287037037037,"",IF(OR(D41="Congé",D41="OFF",C41="",D41="Congé spécial"),"",IF(D41>F41,D41-C41,IF(C41-D41<0,0,C41-D41)))) | K41: =IF(SUM(H41:J41)<0.00068287037037037,0,SUM(H41:J41)) -> 0 | L41: =IF(OR(F41="Congé",F41="OFF",M41="Abs",F41="Congé sans solde",F41="Férié",F41="Congé spécial",D41="Congé spécial"),0,IF(F41-E41<0,0,IF(F41-E41<=0.00068287037037037,0,F41-E41))) -> 0 | M41: =IF(AND(O41<>0,C41=""),"Abs",0) -> 0 | N41: =IFERROR(IF(OR(D41="OFF",D41="Congé",M41="Abs",D41="Congé sans solde",D41="Férié"),"",IF(O41-K41-L41>O41,O41,IF(O41-K41-L41<0,"",O41-K41-L41))),"") -> 0.375 | O41: =IF(AG41="2H Pause déjeuner",IF(F41-D41-0.0833333333333333<0,F41-D41-0.0833333333333333+1,F41-D41-0.0833333333333333),IF(OR(AND(F41="OFF",D41="OFF"),AND(F41="Congé",D41="Congé"),AND(F41="Congé sans solde",D41="Congé sans solde"),AND(F41="Congé spécial",D41="Congé spécial"),AND(F41="Férié",D41="Férié"),AND(F41="OFF",D41="Congé"),AND(F41="OFF",D41="Congé sans solde"),AND(F41="OFF",D41="Congé spécial"),AND(F41="OFF",D41="Férié"),AND(F41="Congé",D41="OFF"),AND(F41="Congé",D41="Congé sans solde"),AND(F41="Congé",D41="Congé spécial"),AND(F41="Congé",D41="Férié"),AND(F41="Congé sans solde",D41="OFF"),AND(F41="Congé sans solde",D41="Congé"),AND(F41="Congé sans solde",D41="Congé spécial"),AND(F41="Congé sans solde",D41="Férié"),AND(F41="Congé spécial",D41="OFF"),AND(F41="Congé spécial",D41="Congé"),AND(F41="Congé spécial",D41="Congé sans solde"),AND(F41="Congé spécial",D41="Férié"),AND(F41="Férié",D41="OFF"),AND(F41="Férié",D41="Congé"),AND(F41="Férié",D41="Congé sans solde"),AND(F41="Férié",D41="Congé spécial")),0,IF(OR(F41="OFF",F41="Congé",F41="Congé spécial",F41="Congé sans solde",D41="OFF",D41="Congé",D41="Congé spécial",D41="Congé sans solde"),0.208333333333334,IF(AND(AG41="",F41-D41<0),("24:00:00"-D41)+("00:00:00"+F41)-0.0416666666666667,IF(AND(OR(AG41="Allaitement",AG41="Sans déjeuner"),F41-D41<0),("24:00:00"-D41)+("00:00:00"+F41),IF(AND(AG41="",F41-D41>0.166666666666667),F41-D41-0.0416666666666667,IF(AND(OR(AG41="Allaitement",AG41="Sans déjeuner"),F41-D41>0.166666666666667),F41-D41,F41-D41))))))) -> 0.375 | P41: =IFERROR(VLOOKUP($B41,Annuaire_roster!$B:$G,MATCH(P$1,Annuaire_roster!$B$1:$G$1,0),0),"-") -> Google Leads | Q41: 44718 | R41: =IF(M41="Abs",O41,0) -> 0 | S41: =SUM(R41,L41,I41,J41,W41,H41) -> 0 | T41: ="Sem - "&WEEKNUM(Q41,21) -> Sem - 23 | U41: =PROPER(TEXT(Q41,"mmmm")) -> Juin | V41: =+TEXT(Q41,"aaa") -> 2026 | X41: =IFERROR(IF(M41="Abs",0,IF((D41-C41+E41-F41)<0.000694444444444444,0,(D41-C41+E41-F41))),0) -> 0.0013888889 | Y41: =IFERROR(VLOOKUP(B41,Annuaire_roster!B:E,4,0),"-") -> CHOUIFI Mustapha | Z41: =IFERROR(VLOOKUP(B41,Annuaire_roster!B:F,3,0),"-") -> Google Leads | AA41: =IFERROR(VLOOKUP(B41,Annuaire_roster!B:I,6,0),"-") -> Forfaitaire | AB41: =IF(AND(D41="Congé",F41="Congé"),0.333333333333333,IF(OR(AND(D41="Congé",F41<>"Congé"),(AND(F41="Congé",D41<>"Congé"))),0.166666666666667,"")) | AC41: =IF(AND(D41="Congé sans solde",F41="Congé sans solde"),0.333333333333333,IF(OR(AND(D41="Congé sans solde",F41<>"Congé sans solde"),(AND(F41="Congé sans solde",D41<>"Congé sans solde"))),0.166666666666667,"")) | AD41: =IF(AND(D41="Congé spécial",F41="Congé spécial"),0.333333333333333,IF(OR(AND(D41="Congé spécial",F41<>"Congé décès"),(AND(F41="Congé spécial",D41<>"Congé spécial"))),0.166666666666667,"")) | AE41: =IF(AND(D41="Férié",F41="Férié"),0.333333333333333,IF(OR(AND(D41="Férié",F41<>"Férié"),(AND(F41="Férié",D41<>"Férié"))),0.166666666666667,""))
A42: =VLOOKUP(B42,Annuaire_roster!B:F,5,0) -> 0 | B42: SECK DIARRA | C42: 0.29027778 | D42: {=IFERROR(INDEX(Planning2[],MATCH(1,(Planning2[Nom]=B42)*(Planning2[Date]=Q42),0),3),"-")} -> 0.29166667 | E42: 0.70833333 | F42: {=IFERROR(INDEX(Planning2[],MATCH(1,(Planning2[Nom]=B42)*(Planning2[Date]=Q42),0),4),"-")} -> 0.70833333 | I42: =IF(IF(OR(C42="",D42="Congé",D42="OFF",D42="Congé spécial"),"",IF(D42>F42,D42-C42,IF(C42-D42<0,0,C42-D42)))<0.00068287037037037,"",IF(OR(D42="Congé",D42="OFF",C42="",D42="Congé spécial"),"",IF(D42>F42,D42-C42,IF(C42-D42<0,0,C42-D42)))) | K42: =IF(SUM(H42:J42)<0.00068287037037037,0,SUM(H42:J42)) -> 0 | L42: =IF(OR(F42="Congé",F42="OFF",M42="Abs",F42="Congé sans solde",F42="Férié",F42="Congé spécial",D42="Congé spécial"),0,IF(F42-E42<0,0,IF(F42-E42<=0.00068287037037037,0,F42-E42))) -> 0 | M42: =IF(AND(O42<>0,C42=""),"Abs",0) -> 0 | N42: =IFERROR(IF(OR(D42="OFF",D42="Congé",M42="Abs",D42="Congé sans solde",D42="Férié"),"",IF(O42-K42-L42>O42,O42,IF(O42-K42-L42<0,"",O42-K42-L42))),"") -> 0.375 | O42: =IF(AG42="2H Pause déjeuner",IF(F42-D42-0.0833333333333333<0,F42-D42-0.0833333333333333+1,F42-D42-0.0833333333333333),IF(OR(AND(F42="OFF",D42="OFF"),AND(F42="Congé",D42="Congé"),AND(F42="Congé sans solde",D42="Congé sans solde"),AND(F42="Congé spécial",D42="Congé spécial"),AND(F42="Férié",D42="Férié"),AND(F42="OFF",D42="Congé"),AND(F42="OFF",D42="Congé sans solde"),AND(F42="OFF",D42="Congé spécial"),AND(F42="OFF",D42="Férié"),AND(F42="Congé",D42="OFF"),AND(F42="Congé",D42="Congé sans solde"),AND(F42="Congé",D42="Congé spécial"),AND(F42="Congé",D42="Férié"),AND(F42="Congé sans solde",D42="OFF"),AND(F42="Congé sans solde",D42="Congé"),AND(F42="Congé sans solde",D42="Congé spécial"),AND(F42="Congé sans solde",D42="Férié"),AND(F42="Congé spécial",D42="OFF"),AND(F42="Congé spécial",D42="Congé"),AND(F42="Congé spécial",D42="Congé sans solde"),AND(F42="Congé spécial",D42="Férié"),AND(F42="Férié",D42="OFF"),AND(F42="Férié",D42="Congé"),AND(F42="Férié",D42="Congé sans solde"),AND(F42="Férié",D42="Congé spécial")),0,IF(OR(F42="OFF",F42="Congé",F42="Congé spécial",F42="Congé sans solde",D42="OFF",D42="Congé",D42="Congé spécial",D42="Congé sans solde"),0.208333333333334,IF(AND(AG42="",F42-D42<0),("24:00:00"-D42)+("00:00:00"+F42)-0.0416666666666667,IF(AND(OR(AG42="Allaitement",AG42="Sans déjeuner"),F42-D42<0),("24:00:00"-D42)+("00:00:00"+F42),IF(AND(AG42="",F42-D42>0.166666666666667),F42-D42-0.0416666666666667,IF(AND(OR(AG42="Allaitement",AG42="Sans déjeuner"),F42-D42>0.166666666666667),F42-D42,F42-D42))))))) -> 0.375 | P42: =IFERROR(VLOOKUP($B42,Annuaire_roster!$B:$G,MATCH(P$1,Annuaire_roster!$B$1:$G$1,0),0),"-") -> Google Leads | Q42: 44718 | R42: =IF(M42="Abs",O42,0) -> 0 | S42: =SUM(R42,L42,I42,J42,W42,H42) -> 0 | T42: ="Sem - "&WEEKNUM(Q42,21) -> Sem - 23 | U42: =PROPER(TEXT(Q42,"mmmm")) -> Juin | V42: =+TEXT(Q42,"aaa") -> 2026 | X42: =IFERROR(IF(M42="Abs",0,IF((D42-C42+E42-F42)<0.000694444444444444,0,(D42-C42+E42-F42))),0) -> 0.0013888889 | Y42: =IFERROR(VLOOKUP(B42,Annuaire_roster!B:E,4,0),"-") -> 0 | Z42: =IFERROR(VLOOKUP(B42,Annuaire_roster!B:F,3,0),"-") -> Google Leads | AA42: =IFERROR(VLOOKUP(B42,Annuaire_roster!B:I,6,0),"-") -> 0 | AB42: =IF(AND(D42="Congé",F42="Congé"),0.333333333333333,IF(OR(AND(D42="Congé",F42<>"Congé"),(AND(F42="Congé",D42<>"Congé"))),0.166666666666667,"")) | AC42: =IF(AND(D42="Congé sans solde",F42="Congé sans solde"),0.333333333333333,IF(OR(AND(D42="Congé sans solde",F42<>"Congé sans solde"),(AND(F42="Congé sans solde",D42<>"Congé sans solde"))),0.166666666666667,"")) | AD42: =IF(AND(D42="Congé spécial",F42="Congé spécial"),0.333333333333333,IF(OR(AND(D42="Congé spécial",F42<>"Congé décès"),(AND(F42="Congé spécial",D42<>"Congé spécial"))),0.166666666666667,"")) | AE42: =IF(AND(D42="Férié",F42="Férié"),0.333333333333333,IF(OR(AND(D42="Férié",F42<>"Férié"),(AND(F42="Férié",D42<>"Férié"))),0.166666666666667,""))
A43: =VLOOKUP(B43,Annuaire_roster!B:F,5,0) -> 0 | B43: BENSAR ANAS | C43: 0.29166667 | D43: {=IFERROR(INDEX(Planning2[],MATCH(1,(Planning2[Nom]=B43)*(Planning2[Date]=Q43),0),3),"-")} -> 0.29166667 | E43: 0.70833333 | F43: {=IFERROR(INDEX(Planning2[],MATCH(1,(Planning2[Nom]=B43)*(Planning2[Date]=Q43),0),4),"-")} -> 0.70833333 | I43: =IF(IF(OR(C43="",D43="Congé",D43="OFF",D43="Congé spécial"),"",IF(D43>F43,D43-C43,IF(C43-D43<0,0,C43-D43)))<0.00068287037037037,"",IF(OR(D43="Congé",D43="OFF",C43="",D43="Congé spécial"),"",IF(D43>F43,D43-C43,IF(C43-D43<0,0,C43-D43)))) | K43: =IF(SUM(H43:J43)<0.00068287037037037,0,SUM(H43:J43)) -> 0 | L43: =IF(OR(F43="Congé",F43="OFF",M43="Abs",F43="Congé sans solde",F43="Férié",F43="Congé spécial",D43="Congé spécial"),0,IF(F43-E43<0,0,IF(F43-E43<=0.00068287037037037,0,F43-E43))) -> 0 | M43: =IF(AND(O43<>0,C43=""),"Abs",0) -> 0 | N43: =IFERROR(IF(OR(D43="OFF",D43="Congé",M43="Abs",D43="Congé sans solde",D43="Férié"),"",IF(O43-K43-L43>O43,O43,IF(O43-K43-L43<0,"",O43-K43-L43))),"") -> 0.375 | O43: =IF(AG43="2H Pause déjeuner",IF(F43-D43-0.0833333333333333<0,F43-D43-0.0833333333333333+1,F43-D43-0.0833333333333333),IF(OR(AND(F43="OFF",D43="OFF"),AND(F43="Congé",D43="Congé"),AND(F43="Congé sans solde",D43="Congé sans solde"),AND(F43="Congé spécial",D43="Congé spécial"),AND(F43="Férié",D43="Férié"),AND(F43="OFF",D43="Congé"),AND(F43="OFF",D43="Congé sans solde"),AND(F43="OFF",D43="Congé spécial"),AND(F43="OFF",D43="Férié"),AND(F43="Congé",D43="OFF"),AND(F43="Congé",D43="Congé sans solde"),AND(F43="Congé",D43="Congé spécial"),AND(F43="Congé",D43="Férié"),AND(F43="Congé sans solde",D43="OFF"),AND(F43="Congé sans solde",D43="Congé"),AND(F43="Congé sans solde",D43="Congé spécial"),AND(F43="Congé sans solde",D43="Férié"),AND(F43="Congé spécial",D43="OFF"),AND(F43="Congé spécial",D43="Congé"),AND(F43="Congé spécial",D43="Congé sans solde"),AND(F43="Congé spécial",D43="Férié"),AND(F43="Férié",D43="OFF"),AND(F43="Férié",D43="Congé"),AND(F43="Férié",D43="Congé sans solde"),AND(F43="Férié",D43="Congé spécial")),0,IF(OR(F43="OFF",F43="Congé",F43="Congé spécial",F43="Congé sans solde",D43="OFF",D43="Congé",D43="Congé spécial",D43="Congé sans solde"),0.208333333333334,IF(AND(AG43="",F43-D43<0),("24:00:00"-D43)+("00:00:00"+F43)-0.0416666666666667,IF(AND(OR(AG43="Allaitement",AG43="Sans déjeuner"),F43-D43<0),("24:00:00"-D43)+("00:00:00"+F43),IF(AND(AG43="",F43-D43>0.166666666666667),F43-D43-0.0416666666666667,IF(AND(OR(AG43="Allaitement",AG43="Sans déjeuner"),F43-D43>0.166666666666667),F43-D43,F43-D43))))))) -> 0.375 | P43: =IFERROR(VLOOKUP($B43,Annuaire_roster!$B:$G,MATCH(P$1,Annuaire_roster!$B$1:$G$1,0),0),"-") -> Google Leads | Q43: 44718 | R43: =IF(M43="Abs",O43,0) -> 0 | S43: =SUM(R43,L43,I43,J43,W43,H43) -> 0 | T43: ="Sem - "&WEEKNUM(Q43,21) -> Sem - 23 | U43: =PROPER(TEXT(Q43,"mmmm")) -> Juin | V43: =+TEXT(Q43,"aaa") -> 2026 | X43: =IFERROR(IF(M43="Abs",0,IF((D43-C43+E43-F43)<0.000694444444444444,0,(D43-C43+E43-F43))),0) -> 0 | Y43: =IFERROR(VLOOKUP(B43,Annuaire_roster!B:E,4,0),"-") -> 0 | Z43: =IFERROR(VLOOKUP(B43,Annuaire_roster!B:F,3,0),"-") -> Google Leads | AA43: =IFERROR(VLOOKUP(B43,Annuaire_roster!B:I,6,0),"-") -> 0 | AB43: =IF(AND(D43="Congé",F43="Congé"),0.333333333333333,IF(OR(AND(D43="Congé",F43<>"Congé"),(AND(F43="Congé",D43<>"Congé"))),0.166666666666667,"")) | AC43: =IF(AND(D43="Congé sans solde",F43="Congé sans solde"),0.333333333333333,IF(OR(AND(D43="Congé sans solde",F43<>"Congé sans solde"),(AND(F43="Congé sans solde",D43<>"Congé sans solde"))),0.166666666666667,"")) | AD43: =IF(AND(D43="Congé spécial",F43="Congé spécial"),0.333333333333333,IF(OR(AND(D43="Congé spécial",F43<>"Congé décès"),(AND(F43="Congé spécial",D43<>"Congé spécial"))),0.166666666666667,"")) | AE43: =IF(AND(D43="Férié",F43="Férié"),0.333333333333333,IF(OR(AND(D43="Férié",F43<>"Férié"),(AND(F43="Férié",D43<>"Férié"))),0.166666666666667,""))
A44: =VLOOKUP(B44,Annuaire_roster!B:F,5,0) -> 0 | B44: NEMMAOUI MOUNIRA | C44: 0.29166667 | D44: {=IFERROR(INDEX(Planning2[],MATCH(1,(Planning2[Nom]=B44)*(Planning2[Date]=Q44),0),3),"-")} -> 0.29166667 | E44: 0.70833333 | F44: {=IFERROR(INDEX(Planning2[],MATCH(1,(Planning2[Nom]=B44)*(Planning2[Date]=Q44),0),4),"-")} -> 0.70833333 | I44: =IF(IF(OR(C44="",D44="Congé",D44="OFF",D44="Congé spécial"),"",IF(D44>F44,D44-C44,IF(C44-D44<0,0,C44-D44)))<0.00068287037037037,"",IF(OR(D44="Congé",D44="OFF",C44="",D44="Congé spécial"),"",IF(D44>F44,D44-C44,IF(C44-D44<0,0,C44-D44)))) | K44: =IF(SUM(H44:J44)<0.00068287037037037,0,SUM(H44:J44)) -> 0 | L44: =IF(OR(F44="Congé",F44="OFF",M44="Abs",F44="Congé sans solde",F44="Férié",F44="Congé spécial",D44="Congé spécial"),0,IF(F44-E44<0,0,IF(F44-E44<=0.00068287037037037,0,F44-E44))) -> 0 | M44: =IF(AND(O44<>0,C44=""),"Abs",0) -> 0 | N44: =IFERROR(IF(OR(D44="OFF",D44="Congé",M44="Abs",D44="Congé sans solde",D44="Férié"),"",IF(O44-K44-L44>O44,O44,IF(O44-K44-L44<0,"",O44-K44-L44))),"") -> 0.375 | O44: =IF(AG44="2H Pause déjeuner",IF(F44-D44-0.0833333333333333<0,F44-D44-0.0833333333333333+1,F44-D44-0.0833333333333333),IF(OR(AND(F44="OFF",D44="OFF"),AND(F44="Congé",D44="Congé"),AND(F44="Congé sans solde",D44="Congé sans solde"),AND(F44="Congé spécial",D44="Congé spécial"),AND(F44="Férié",D44="Férié"),AND(F44="OFF",D44="Congé"),AND(F44="OFF",D44="Congé sans solde"),AND(F44="OFF",D44="Congé spécial"),AND(F44="OFF",D44="Férié"),AND(F44="Congé",D44="OFF"),AND(F44="Congé",D44="Congé sans solde"),AND(F44="Congé",D44="Congé spécial"),AND(F44="Congé",D44="Férié"),AND(F44="Congé sans solde",D44="OFF"),AND(F44="Congé sans solde",D44="Congé"),AND(F44="Congé sans solde",D44="Congé spécial"),AND(F44="Congé sans solde",D44="Férié"),AND(F44="Congé spécial",D44="OFF"),AND(F44="Congé spécial",D44="Congé"),AND(F44="Congé spécial",D44="Congé sans solde"),AND(F44="Congé spécial",D44="Férié"),AND(F44="Férié",D44="OFF"),AND(F44="Férié",D44="Congé"),AND(F44="Férié",D44="Congé sans solde"),AND(F44="Férié",D44="Congé spécial")),0,IF(OR(F44="OFF",F44="Congé",F44="Congé spécial",F44="Congé sans solde",D44="OFF",D44="Congé",D44="Congé spécial",D44="Congé sans solde"),0.208333333333334,IF(AND(AG44="",F44-D44<0),("24:00:00"-D44)+("00:00:00"+F44)-0.0416666666666667,IF(AND(OR(AG44="Allaitement",AG44="Sans déjeuner"),F44-D44<0),("24:00:00"-D44)+("00:00:00"+F44),IF(AND(AG44="",F44-D44>0.166666666666667),F44-D44-0.0416666666666667,IF(AND(OR(AG44="Allaitement",AG44="Sans déjeuner"),F44-D44>0.166666666666667),F44-D44,F44-D44))))))) -> 0.375 | P44: =IFERROR(VLOOKUP($B44,Annuaire_roster!$B:$G,MATCH(P$1,Annuaire_roster!$B$1:$G$1,0),0),"-") -> Google Leads | Q44: 44718 | R44: =IF(M44="Abs",O44,0) -> 0 | S44: =SUM(R44,L44,I44,J44,W44,H44) -> 0 | T44: ="Sem - "&WEEKNUM(Q44,21) -> Sem - 23 | U44: =PROPER(TEXT(Q44,"mmmm")) -> Juin | V44: =+TEXT(Q44,"aaa") -> 2026 | X44: =IFERROR(IF(M44="Abs",0,IF((D44-C44+E44-F44)<0.000694444444444444,0,(D44-C44+E44-F44))),0) -> 0 | Y44: =IFERROR(VLOOKUP(B44,Annuaire_roster!B:E,4,0),"-") -> 0 | Z44: =IFERROR(VLOOKUP(B44,Annuaire_roster!B:F,3,0),"-") -> Google Leads | AA44: =IFERROR(VLOOKUP(B44,Annuaire_roster!B:I,6,0),"-") -> 0 | AB44: =IF(AND(D44="Congé",F44="Congé"),0.333333333333333,IF(OR(AND(D44="Congé",F44<>"Congé"),(AND(F44="Congé",D44<>"Congé"))),0.166666666666667,"")) | AC44: =IF(AND(D44="Congé sans solde",F44="Congé sans solde"),0.333333333333333,IF(OR(AND(D44="Congé sans solde",F44<>"Congé sans solde"),(AND(F44="Congé sans solde",D44<>"Congé sans solde"))),0.166666666666667,"")) | AD44: =IF(AND(D44="Congé spécial",F44="Congé spécial"),0.333333333333333,IF(OR(AND(D44="Congé spécial",F44<>"Congé décès"),(AND(F44="Congé spécial",D44<>"Congé spécial"))),0.166666666666667,"")) | AE44: =IF(AND(D44="Férié",F44="Férié"),0.333333333333333,IF(OR(AND(D44="Férié",F44<>"Férié"),(AND(F44="Férié",D44<>"Férié"))),0.166666666666667,""))
A45: =VLOOKUP(B45,Annuaire_roster!B:F,5,0) -> 0 | B45: EL HOUJJAJI Soufiane | C45: 0.34027778 | D45: {=IFERROR(INDEX(Planning2[],MATCH(1,(Planning2[Nom]=B45)*(Planning2[Date]=Q45),0),3),"-")} -> 0.29166667 | E45: 0.70833333 | F45: {=IFERROR(INDEX(Planning2[],MATCH(1,(Planning2[Nom]=B45)*(Planning2[Date]=Q45),0),4),"-")} -> 0.70833333 | I45: =IF(IF(OR(C45="",D45="Congé",D45="OFF",D45="Congé spécial"),"",IF(D45>F45,D45-C45,IF(C45-D45<0,0,C45-D45)))<0.00068287037037037,"",IF(OR(D45="Congé",D45="OFF",C45="",D45="Congé spécial"),"",IF(D45>F45,D45-C45,IF(C45-D45<0,0,C45-D45)))) -> 0.048611111 | K45: =IF(SUM(H45:J45)<0.00068287037037037,0,SUM(H45:J45)) -> 0.048611111 | L45: =IF(OR(F45="Congé",F45="OFF",M45="Abs",F45="Congé sans solde",F45="Férié",F45="Congé spécial",D45="Congé spécial"),0,IF(F45-E45<0,0,IF(F45-E45<=0.00068287037037037,0,F45-E45))) -> 0 | M45: =IF(AND(O45<>0,C45=""),"Abs",0) -> 0 | N45: =IFERROR(IF(OR(D45="OFF",D45="Congé",M45="Abs",D45="Congé sans solde",D45="Férié"),"",IF(O45-K45-L45>O45,O45,IF(O45-K45-L45<0,"",O45-K45-L45))),"") -> 0.32638889 | O45: =IF(AG45="2H Pause déjeuner",IF(F45-D45-0.0833333333333333<0,F45-D45-0.0833333333333333+1,F45-D45-0.0833333333333333),IF(OR(AND(F45="OFF",D45="OFF"),AND(F45="Congé",D45="Congé"),AND(F45="Congé sans solde",D45="Congé sans solde"),AND(F45="Congé spécial",D45="Congé spécial"),AND(F45="Férié",D45="Férié"),AND(F45="OFF",D45="Congé"),AND(F45="OFF",D45="Congé sans solde"),AND(F45="OFF",D45="Congé spécial"),AND(F45="OFF",D45="Férié"),AND(F45="Congé",D45="OFF"),AND(F45="Congé",D45="Congé sans solde"),AND(F45="Congé",D45="Congé spécial"),AND(F45="Congé",D45="Férié"),AND(F45="Congé sans solde",D45="OFF"),AND(F45="Congé sans solde",D45="Congé"),AND(F45="Congé sans solde",D45="Congé spécial"),AND(F45="Congé sans solde",D45="Férié"),AND(F45="Congé spécial",D45="OFF"),AND(F45="Congé spécial",D45="Congé"),AND(F45="Congé spécial",D45="Congé sans solde"),AND(F45="Congé spécial",D45="Férié"),AND(F45="Férié",D45="OFF"),AND(F45="Férié",D45="Congé"),AND(F45="Férié",D45="Congé sans solde"),AND(F45="Férié",D45="Congé spécial")),0,IF(OR(F45="OFF",F45="Congé",F45="Congé spécial",F45="Congé sans solde",D45="OFF",D45="Congé",D45="Congé spécial",D45="Congé sans solde"),0.208333333333334,IF(AND(AG45="",F45-D45<0),("24:00:00"-D45)+("00:00:00"+F45)-0.0416666666666667,IF(AND(OR(AG45="Allaitement",AG45="Sans déjeuner"),F45-D45<0),("24:00:00"-D45)+("00:00:00"+F45),IF(AND(AG45="",F45-D45>0.166666666666667),F45-D45-0.0416666666666667,IF(AND(OR(AG45="Allaitement",AG45="Sans déjeuner"),F45-D45>0.166666666666667),F45-D45,F45-D45))))))) -> 0.375 | P45: =IFERROR(VLOOKUP($B45,Annuaire_roster!$B:$G,MATCH(P$1,Annuaire_roster!$B$1:$G$1,0),0),"-") -> Google Leads | Q45: 44718 | R45: =IF(M45="Abs",O45,0) -> 0 | S45: =SUM(R45,L45,I45,J45,W45,H45) -> 0.048611111 | T45: ="Sem - "&WEEKNUM(Q45,21) -> Sem - 23 | U45: =PROPER(TEXT(Q45,"mmmm")) -> Juin | V45: =+TEXT(Q45,"aaa") -> 2026 | X45: =IFERROR(IF(M45="Abs",0,IF((D45-C45+E45-F45)<0.000694444444444444,0,(D45-C45+E45-F45))),0) -> 0 | Y45: =IFERROR(VLOOKUP(B45,Annuaire_roster!B:E,4,0),"-") -> CHOUIFI Mustapha | Z45: =IFERROR(VLOOKUP(B45,Annuaire_roster!B:F,3,0),"-") -> Google Leads | AA45: =IFERROR(VLOOKUP(B45,Annuaire_roster!B:I,6,0),"-") -> Forfaitaire | AB45: =IF(AND(D45="Congé",F45="Congé"),0.333333333333333,IF(OR(AND(D45="Congé",F45<>"Congé"),(AND(F45="Congé",D45<>"Congé"))),0.166666666666667,"")) | AC45: =IF(AND(D45="Congé sans solde",F45="Congé sans solde"),0.333333333333333,IF(OR(AND(D45="Congé sans solde",F45<>"Congé sans solde"),(AND(F45="Congé sans solde",D45<>"Congé sans solde"))),0.166666666666667,"")) | AD45: =IF(AND(D45="Congé spécial",F45="Congé spécial"),0.333333333333333,IF(OR(AND(D45="Congé spécial",F45<>"Congé décès"),(AND(F45="Congé spécial",D45<>"Congé spécial"))),0.166666666666667,"")) | AE45: =IF(AND(D45="Férié",F45="Férié"),0.333333333333333,IF(OR(AND(D45="Férié",F45<>"Férié"),(AND(F45="Férié",D45<>"Férié"))),0.166666666666667,""))
A46: =VLOOKUP(B46,Annuaire_roster!B:F,5,0) -> 364 | B46: EL-AOUAQUI BOUCHRA | C46: 0.41388889 | D46: {=IFERROR(INDEX(Planning2[],MATCH(1,(Planning2[Nom]=B46)*(Planning2[Date]=Q46),0),3),"-")} -> 0.41666667 | E46: 0.83333333 | F46: {=IFERROR(INDEX(Planning2[],MATCH(1,(Planning2[Nom]=B46)*(Planning2[Date]=Q46),0),4),"-")} -> 0.83333333 | I46: =IF(IF(OR(C46="",D46="Congé",D46="OFF",D46="Congé spécial"),"",IF(D46>F46,D46-C46,IF(C46-D46<0,0,C46-D46)))<0.00068287037037037,"",IF(OR(D46="Congé",D46="OFF",C46="",D46="Congé spécial"),"",IF(D46>F46,D46-C46,IF(C46-D46<0,0,C46-D46)))) | K46: =IF(SUM(H46:J46)<0.00068287037037037,0,SUM(H46:J46)) -> 0 | L46: =IF(OR(F46="Congé",F46="OFF",M46="Abs",F46="Congé sans solde",F46="Férié",F46="Congé spécial",D46="Congé spécial"),0,IF(F46-E46<0,0,IF(F46-E46<=0.00068287037037037,0,F46-E46))) -> 0 | M46: =IF(AND(O46<>0,C46=""),"Abs",0) -> 0 | N46: =IFERROR(IF(OR(D46="OFF",D46="Congé",M46="Abs",D46="Congé sans solde",D46="Férié"),"",IF(O46-K46-L46>O46,O46,IF(O46-K46-L46<0,"",O46-K46-L46))),"") -> 0.375 | O46: =IF(AG46="2H Pause déjeuner",IF(F46-D46-0.0833333333333333<0,F46-D46-0.0833333333333333+1,F46-D46-0.0833333333333333),IF(OR(AND(F46="OFF",D46="OFF"),AND(F46="Congé",D46="Congé"),AND(F46="Congé sans solde",D46="Congé sans solde"),AND(F46="Congé spécial",D46="Congé spécial"),AND(F46="Férié",D46="Férié"),AND(F46="OFF",D46="Congé"),AND(F46="OFF",D46="Congé sans solde"),AND(F46="OFF",D46="Congé spécial"),AND(F46="OFF",D46="Férié"),AND(F46="Congé",D46="OFF"),AND(F46="Congé",D46="Congé sans solde"),AND(F46="Congé",D46="Congé spécial"),AND(F46="Congé",D46="Férié"),AND(F46="Congé sans solde",D46="OFF"),AND(F46="Congé sans solde",D46="Congé"),AND(F46="Congé sans solde",D46="Congé spécial"),AND(F46="Congé sans solde",D46="Férié"),AND(F46="Congé spécial",D46="OFF"),AND(F46="Congé spécial",D46="Congé"),AND(F46="Congé spécial",D46="Congé sans solde"),AND(F46="Congé spécial",D46="Férié"),AND(F46="Férié",D46="OFF"),AND(F46="Férié",D46="Congé"),AND(F46="Férié",D46="Congé sans solde"),AND(F46="Férié",D46="Congé spécial")),0,IF(OR(F46="OFF",F46="Congé",F46="Congé spécial",F46="Congé sans solde",D46="OFF",D46="Congé",D46="Congé spécial",D46="Congé sans solde"),0.208333333333334,IF(AND(AG46="",F46-D46<0),("24:00:00"-D46)+("00:00:00"+F46)-0.0416666666666667,IF(AND(OR(AG46="Allaitement",AG46="Sans déjeuner"),F46-D46<0),("24:00:00"-D46)+("00:00:00"+F46),IF(AND(AG46="",F46-D46>0.166666666666667),F46-D46-0.0416666666666667,IF(AND(OR(AG46="Allaitement",AG46="Sans déjeuner"),F46-D46>0.166666666666667),F46-D46,F46-D46))))))) -> 0.375 | P46: =IFERROR(VLOOKUP($B46,Annuaire_roster!$B:$G,MATCH(P$1,Annuaire_roster!$B$1:$G$1,0),0),"-") -> Google Leads | Q46: 44718 | R46: =IF(M46="Abs",O46,0) -> 0 | S46: =SUM(R46,L46,I46,J46,W46,H46) -> 0 | T46: ="Sem - "&WEEKNUM(Q46,21) -> Sem - 23 | U46: =PROPER(TEXT(Q46,"mmmm")) -> Juin | V46: =+TEXT(Q46,"aaa") -> 2026 | X46: =IFERROR(IF(M46="Abs",0,IF((D46-C46+E46-F46)<0.000694444444444444,0,(D46-C46+E46-F46))),0) -> 0.0027777778 | Y46: =IFERROR(VLOOKUP(B46,Annuaire_roster!B:E,4,0),"-") -> OUAQERROUCH Nour-El Houda | Z46: =IFERROR(VLOOKUP(B46,Annuaire_roster!B:F,3,0),"-") -> Google Leads | AA46: =IFERROR(VLOOKUP(B46,Annuaire_roster!B:I,6,0),"-") -> Forfaitaire | AB46: =IF(AND(D46="Congé",F46="Congé"),0.333333333333333,IF(OR(AND(D46="Congé",F46<>"Congé"),(AND(F46="Congé",D46<>"Congé"))),0.166666666666667,"")) | AC46: =IF(AND(D46="Congé sans solde",F46="Congé sans solde"),0.333333333333333,IF(OR(AND(D46="Congé sans solde",F46<>"Congé sans solde"),(AND(F46="Congé sans solde",D46<>"Congé sans solde"))),0.166666666666667,"")) | AD46: =IF(AND(D46="Congé spécial",F46="Congé spécial"),0.333333333333333,IF(OR(AND(D46="Congé spécial",F46<>"Congé décès"),(AND(F46="Congé spécial",D46<>"Congé spécial"))),0.166666666666667,"")) | AE46: =IF(AND(D46="Férié",F46="Férié"),0.333333333333333,IF(OR(AND(D46="Férié",F46<>"Férié"),(AND(F46="Férié",D46<>"Férié"))),0.166666666666667,""))
A47: =VLOOKUP(B47,Annuaire_roster!B:F,5,0) -> 949 | B47: LAFDIL NADA | C47: 0.41597222 | D47: {=IFERROR(INDEX(Planning2[],MATCH(1,(Planning2[Nom]=B47)*(Planning2[Date]=Q47),0),3),"-")} -> 0.41666667 | E47: 0.83333333 | F47: {=IFERROR(INDEX(Planning2[],MATCH(1,(Planning2[Nom]=B47)*(Planning2[Date]=Q47),0),4),"-")} -> 0.83333333 | I47: =IF(IF(OR(C47="",D47="Congé",D47="OFF",D47="Congé spécial"),"",IF(D47>F47,D47-C47,IF(C47-D47<0,0,C47-D47)))<0.00068287037037037,"",IF(OR(D47="Congé",D47="OFF",C47="",D47="Congé spécial"),"",IF(D47>F47,D47-C47,IF(C47-D47<0,0,C47-D47)))) | K47: =IF(SUM(H47:J47)<0.00068287037037037,0,SUM(H47:J47)) -> 0 | L47: =IF(OR(F47="Congé",F47="OFF",M47="Abs",F47="Congé sans solde",F47="Férié",F47="Congé spécial",D47="Congé spécial"),0,IF(F47-E47<0,0,IF(F47-E47<=0.00068287037037037,0,F47-E47))) -> 0 | M47: =IF(AND(O47<>0,C47=""),"Abs",0) -> 0 | N47: =IFERROR(IF(OR(D47="OFF",D47="Congé",M47="Abs",D47="Congé sans solde",D47="Férié"),"",IF(O47-K47-L47>O47,O47,IF(O47-K47-L47<0,"",O47-K47-L47))),"") -> 0.375 | O47: =IF(AG47="2H Pause déjeuner",IF(F47-D47-0.0833333333333333<0,F47-D47-0.0833333333333333+1,F47-D47-0.0833333333333333),IF(OR(AND(F47="OFF",D47="OFF"),AND(F47="Congé",D47="Congé"),AND(F47="Congé sans solde",D47="Congé sans solde"),AND(F47="Congé spécial",D47="Congé spécial"),AND(F47="Férié",D47="Férié"),AND(F47="OFF",D47="Congé"),AND(F47="OFF",D47="Congé sans solde"),AND(F47="OFF",D47="Congé spécial"),AND(F47="OFF",D47="Férié"),AND(F47="Congé",D47="OFF"),AND(F47="Congé",D47="Congé sans solde"),AND(F47="Congé",D47="Congé spécial"),AND(F47="Congé",D47="Férié"),AND(F47="Congé sans solde",D47="OFF"),AND(F47="Congé sans solde",D47="Congé"),AND(F47="Congé sans solde",D47="Congé spécial"),AND(F47="Congé sans solde",D47="Férié"),AND(F47="Congé spécial",D47="OFF"),AND(F47="Congé spécial",D47="Congé"),AND(F47="Congé spécial",D47="Congé sans solde"),AND(F47="Congé spécial",D47="Férié"),AND(F47="Férié",D47="OFF"),AND(F47="Férié",D47="Congé"),AND(F47="Férié",D47="Congé sans solde"),AND(F47="Férié",D47="Congé spécial")),0,IF(OR(F47="OFF",F47="Congé",F47="Congé spécial",F47="Congé sans solde",D47="OFF",D47="Congé",D47="Congé spécial",D47="Congé sans solde"),0.208333333333334,IF(AND(AG47="",F47-D47<0),("24:00:00"-D47)+("00:00:00"+F47)-0.0416666666666667,IF(AND(OR(AG47="Allaitement",AG47="Sans déjeuner"),F47-D47<0),("24:00:00"-D47)+("00:00:00"+F47),IF(AND(AG47="",F47-D47>0.166666666666667),F47-D47-0.0416666666666667,IF(AND(OR(AG47="Allaitement",AG47="Sans déjeuner"),F47-D47>0.166666666666667),F47-D47,F47-D47))))))) -> 0.375 | P47: =IFERROR(VLOOKUP($B47,Annuaire_roster!$B:$G,MATCH(P$1,Annuaire_roster!$B$1:$G$1,0),0),"-") -> Google Leads | Q47: 44718 | R47: =IF(M47="Abs",O47,0) -> 0 | S47: =SUM(R47,L47,I47,J47,W47,H47) -> 0 | T47: ="Sem - "&WEEKNUM(Q47,21) -> Sem - 23 | U47: =PROPER(TEXT(Q47,"mmmm")) -> Juin | V47: =+TEXT(Q47,"aaa") -> 2026 | X47: =IFERROR(IF(M47="Abs",0,IF((D47-C47+E47-F47)<0.000694444444444444,0,(D47-C47+E47-F47))),0) -> 0 | Y47: =IFERROR(VLOOKUP(B47,Annuaire_roster!B:E,4,0),"-") -> CHOUIFI Mustapha | Z47: =IFERROR(VLOOKUP(B47,Annuaire_roster!B:F,3,0),"-") -> Google Leads | AA47: =IFERROR(VLOOKUP(B47,Annuaire_roster!B:I,6,0),"-") -> Forfaitaire | AB47: =IF(AND(D47="Congé",F47="Congé"),0.333333333333333,IF(OR(AND(D47="Congé",F47<>"Congé"),(AND(F47="Congé",D47<>"Congé"))),0.166666666666667,"")) | AC47: =IF(AND(D47="Congé sans solde",F47="Congé sans solde"),0.333333333333333,IF(OR(AND(D47="Congé sans solde",F47<>"Congé sans solde"),(AND(F47="Congé sans solde",D47<>"Congé sans solde"))),0.166666666666667,"")) | AD47: =IF(AND(D47="Congé spécial",F47="Congé spécial"),0.333333333333333,IF(OR(AND(D47="Congé spécial",F47<>"Congé décès"),(AND(F47="Congé spécial",D47<>"Congé spécial"))),0.166666666666667,"")) | AE47: =IF(AND(D47="Férié",F47="Férié"),0.333333333333333,IF(OR(AND(D47="Férié",F47<>"Férié"),(AND(F47="Férié",D47<>"Férié"))),0.166666666666667,""))
A48: =VLOOKUP(B48,Annuaire_roster!B:F,5,0) -> 1009 | B48: ZITOUNI LAMYA | C48: 0.41458333 | D48: {=IFERROR(INDEX(Planning2[],MATCH(1,(Planning2[Nom]=B48)*(Planning2[Date]=Q48),0),3),"-")} -> 0.41666667 | E48: 0.83333333 | F48: {=IFERROR(INDEX(Planning2[],MATCH(1,(Planning2[Nom]=B48)*(Planning2[Date]=Q48),0),4),"-")} -> 0.83333333 | I48: =IF(IF(OR(C48="",D48="Congé",D48="OFF",D48="Congé spécial"),"",IF(D48>F48,D48-C48,IF(C48-D48<0,0,C48-D48)))<0.00068287037037037,"",IF(OR(D48="Congé",D48="OFF",C48="",D48="Congé spécial"),"",IF(D48>F48,D48-C48,IF(C48-D48<0,0,C48-D48)))) | K48: =IF(SUM(H48:J48)<0.00068287037037037,0,SUM(H48:J48)) -> 0 | L48: =IF(OR(F48="Congé",F48="OFF",M48="Abs",F48="Congé sans solde",F48="Férié",F48="Congé spécial",D48="Congé spécial"),0,IF(F48-E48<0,0,IF(F48-E48<=0.00068287037037037,0,F48-E48))) -> 0 | M48: =IF(AND(O48<>0,C48=""),"Abs",0) -> 0 | N48: =IFERROR(IF(OR(D48="OFF",D48="Congé",M48="Abs",D48="Congé sans solde",D48="Férié"),"",IF(O48-K48-L48>O48,O48,IF(O48-K48-L48<0,"",O48-K48-L48))),"") -> 0.375 | O48: =IF(AG48="2H Pause déjeuner",IF(F48-D48-0.0833333333333333<0,F48-D48-0.0833333333333333+1,F48-D48-0.0833333333333333),IF(OR(AND(F48="OFF",D48="OFF"),AND(F48="Congé",D48="Congé"),AND(F48="Congé sans solde",D48="Congé sans solde"),AND(F48="Congé spécial",D48="Congé spécial"),AND(F48="Férié",D48="Férié"),AND(F48="OFF",D48="Congé"),AND(F48="OFF",D48="Congé sans solde"),AND(F48="OFF",D48="Congé spécial"),AND(F48="OFF",D48="Férié"),AND(F48="Congé",D48="OFF"),AND(F48="Congé",D48="Congé sans solde"),AND(F48="Congé",D48="Congé spécial"),AND(F48="Congé",D48="Férié"),AND(F48="Congé sans solde",D48="OFF"),AND(F48="Congé sans solde",D48="Congé"),AND(F48="Congé sans solde",D48="Congé spécial"),AND(F48="Congé sans solde",D48="Férié"),AND(F48="Congé spécial",D48="OFF"),AND(F48="Congé spécial",D48="Congé"),AND(F48="Congé spécial",D48="Congé sans solde"),AND(F48="Congé spécial",D48="Férié"),AND(F48="Férié",D48="OFF"),AND(F48="Férié",D48="Congé"),AND(F48="Férié",D48="Congé sans solde"),AND(F48="Férié",D48="Congé spécial")),0,IF(OR(F48="OFF",F48="Congé",F48="Congé spécial",F48="Congé sans solde",D48="OFF",D48="Congé",D48="Congé spécial",D48="Congé sans solde"),0.208333333333334,IF(AND(AG48="",F48-D48<0),("24:00:00"-D48)+("00:00:00"+F48)-0.0416666666666667,IF(AND(OR(AG48="Allaitement",AG48="Sans déjeuner"),F48-D48<0),("24:00:00"-D48)+("00:00:00"+F48),IF(AND(AG48="",F48-D48>0.166666666666667),F48-D48-0.0416666666666667,IF(AND(OR(AG48="Allaitement",AG48="Sans déjeuner"),F48-D48>0.166666666666667),F48-D48,F48-D48))))))) -> 0.375 | P48: =IFERROR(VLOOKUP($B48,Annuaire_roster!$B:$G,MATCH(P$1,Annuaire_roster!$B$1:$G$1,0),0),"-") -> Google Leads | Q48: 44718 | R48: =IF(M48="Abs",O48,0) -> 0 | S48: =SUM(R48,L48,I48,J48,W48,H48) -> 0 | T48: ="Sem - "&WEEKNUM(Q48,21) -> Sem - 23 | U48: =PROPER(TEXT(Q48,"mmmm")) -> Juin | V48: =+TEXT(Q48,"aaa") -> 2026 | X48: =IFERROR(IF(M48="Abs",0,IF((D48-C48+E48-F48)<0.000694444444444444,0,(D48-C48+E48-F48))),0) -> 0.0020833333 | Y48: =IFERROR(VLOOKUP(B48,Annuaire_roster!B:E,4,0),"-") -> OUAQERROUCH Nour-El Houda | Z48: =IFERROR(VLOOKUP(B48,Annuaire_roster!B:F,3,0),"-") -> Google Leads | AA48: =IFERROR(VLOOKUP(B48,Annuaire_roster!B:I,6,0),"-") -> Forfaitaire | AB48: =IF(AND(D48="Congé",F48="Congé"),0.333333333333333,IF(OR(AND(D48="Congé",F48<>"Congé"),(AND(F48="Congé",D48<>"Congé"))),0.166666666666667,"")) | AC48: =IF(AND(D48="Congé sans solde",F48="Congé sans solde"),0.333333333333333,IF(OR(AND(D48="Congé sans solde",F48<>"Congé sans solde"),(AND(F48="Congé sans solde",D48<>"Congé sans solde"))),0.166666666666667,"")) | AD48: =IF(AND(D48="Congé spécial",F48="Congé spécial"),0.333333333333333,IF(OR(AND(D48="Congé spécial",F48<>"Congé décès"),(AND(F48="Congé spécial",D48<>"Congé spécial"))),0.166666666666667,"")) | AE48: =IF(AND(D48="Férié",F48="Férié"),0.333333333333333,IF(OR(AND(D48="Férié",F48<>"Férié"),(AND(F48="Férié",D48<>"Férié"))),0.166666666666667,""))
A49: =VLOOKUP(B49,Annuaire_roster!B:F,5,0) -> 1131 | B49: GUEYE GORA | C49: 0.41666667 | D49: {=IFERROR(INDEX(Planning2[],MATCH(1,(Planning2[Nom]=B49)*(Planning2[Date]=Q49),0),3),"-")} -> 0.41666667 | E49: 0.83333333 | F49: {=IFERROR(INDEX(Planning2[],MATCH(1,(Planning2[Nom]=B49)*(Planning2[Date]=Q49),0),4),"-")} -> 0.83333333 | I49: =IF(IF(OR(C49="",D49="Congé",D49="OFF",D49="Congé spécial"),"",IF(D49>F49,D49-C49,IF(C49-D49<0,0,C49-D49)))<0.00068287037037037,"",IF(OR(D49="Congé",D49="OFF",C49="",D49="Congé spécial"),"",IF(D49>F49,D49-C49,IF(C49-D49<0,0,C49-D49)))) | K49: =IF(SUM(H49:J49)<0.00068287037037037,0,SUM(H49:J49)) -> 0 | L49: =IF(OR(F49="Congé",F49="OFF",M49="Abs",F49="Congé sans solde",F49="Férié",F49="Congé spécial",D49="Congé spécial"),0,IF(F49-E49<0,0,IF(F49-E49<=0.00068287037037037,0,F49-E49))) -> 0 | M49: =IF(AND(O49<>0,C49=""),"Abs",0) -> 0 | N49: =IFERROR(IF(OR(D49="OFF",D49="Congé",M49="Abs",D49="Congé sans solde",D49="Férié"),"",IF(O49-K49-L49>O49,O49,IF(O49-K49-L49<0,"",O49-K49-L49))),"") -> 0.375 | O49: =IF(AG49="2H Pause déjeuner",IF(F49-D49-0.0833333333333333<0,F49-D49-0.0833333333333333+1,F49-D49-0.0833333333333333),IF(OR(AND(F49="OFF",D49="OFF"),AND(F49="Congé",D49="Congé"),AND(F49="Congé sans solde",D49="Congé sans solde"),AND(F49="Congé spécial",D49="Congé spécial"),AND(F49="Férié",D49="Férié"),AND(F49="OFF",D49="Congé"),AND(F49="OFF",D49="Congé sans solde"),AND(F49="OFF",D49="Congé spécial"),AND(F49="OFF",D49="Férié"),AND(F49="Congé",D49="OFF"),AND(F49="Congé",D49="Congé sans solde"),AND(F49="Congé",D49="Congé spécial"),AND(F49="Congé",D49="Férié"),AND(F49="Congé sans solde",D49="OFF"),AND(F49="Congé sans solde",D49="Congé"),AND(F49="Congé sans solde",D49="Congé spécial"),AND(F49="Congé sans solde",D49="Férié"),AND(F49="Congé spécial",D49="OFF"),AND(F49="Congé spécial",D49="Congé"),AND(F49="Congé spécial",D49="Congé sans solde"),AND(F49="Congé spécial",D49="Férié"),AND(F49="Férié",D49="OFF"),AND(F49="Férié",D49="Congé"),AND(F49="Férié",D49="Congé sans solde"),AND(F49="Férié",D49="Congé spécial")),0,IF(OR(F49="OFF",F49="Congé",F49="Congé spécial",F49="Congé sans solde",D49="OFF",D49="Congé",D49="Congé spécial",D49="Congé sans solde"),0.208333333333334,IF(AND(AG49="",F49-D49<0),("24:00:00"-D49)+("00:00:00"+F49)-0.0416666666666667,IF(AND(OR(AG49="Allaitement",AG49="Sans déjeuner"),F49-D49<0),("24:00:00"-D49)+("00:00:00"+F49),IF(AND(AG49="",F49-D49>0.166666666666667),F49-D49-0.0416666666666667,IF(AND(OR(AG49="Allaitement",AG49="Sans déjeuner"),F49-D49>0.166666666666667),F49-D49,F49-D49))))))) -> 0.375 | P49: =IFERROR(VLOOKUP($B49,Annuaire_roster!$B:$G,MATCH(P$1,Annuaire_roster!$B$1:$G$1,0),0),"-") -> Google Leads | Q49: 44718 | R49: =IF(M49="Abs",O49,0) -> 0 | S49: =SUM(R49,L49,I49,J49,W49,H49) -> 0 | T49: ="Sem - "&WEEKNUM(Q49,21) -> Sem - 23 | U49: =PROPER(TEXT(Q49,"mmmm")) -> Juin | V49: =+TEXT(Q49,"aaa") -> 2026 | X49: =IFERROR(IF(M49="Abs",0,IF((D49-C49+E49-F49)<0.000694444444444444,0,(D49-C49+E49-F49))),0) -> 0 | Y49: =IFERROR(VLOOKUP(B49,Annuaire_roster!B:E,4,0),"-") -> CHOUIFI Mustapha | Z49: =IFERROR(VLOOKUP(B49,Annuaire_roster!B:F,3,0),"-") -> Google Leads | AA49: =IFERROR(VLOOKUP(B49,Annuaire_roster!B:I,6,0),"-") -> Forfaitaire | AB49: =IF(AND(D49="Congé",F49="Congé"),0.333333333333333,IF(OR(AND(D49="Congé",F49<>"Congé"),(AND(F49="Congé",D49<>"Congé"))),0.166666666666667,"")) | AC49: =IF(AND(D49="Congé sans solde",F49="Congé sans solde"),0.333333333333333,IF(OR(AND(D49="Congé sans solde",F49<>"Congé sans solde"),(AND(F49="Congé sans solde",D49<>"Congé sans solde"))),0.166666666666667,"")) | AD49: =IF(AND(D49="Congé spécial",F49="Congé spécial"),0.333333333333333,IF(OR(AND(D49="Congé spécial",F49<>"Congé décès"),(AND(F49="Congé spécial",D49<>"Congé spécial"))),0.166666666666667,"")) | AE49: =IF(AND(D49="Férié",F49="Férié"),0.333333333333333,IF(OR(AND(D49="Férié",F49<>"Férié"),(AND(F49="Férié",D49<>"Férié"))),0.166666666666667,""))
... A57: =VLOOKUP(B57,Annuaire_roster!B:F,5,0) -> 0 | B57: AINELKITANE ZINEB | C57: 0.41458333 | D57: {=IFERROR(INDEX(Planning2[],MATCH(1,(Planning2[Nom]=B57)*(Planning2[Date]=Q57),0),3),"-")} -> 0.41666667 | E57: 0.83333333 | F57: {=IFERROR(INDEX(Planning2[],MATCH(1,(Planning2[Nom]=B57)*(Planning2[Date]=Q57),0),4),"-")} -> 0.83333333 | I57: =IF(IF(OR(C57="",D57="Congé",D57="OFF",D57="Congé spécial"),"",IF(D57>F57,D57-C57,IF(C57-D57<0,0,C57-D57)))<0.00068287037037037,"",IF(OR(D57="Congé",D57="OFF",C57="",D57="Congé spécial"),"",IF(D57>F57,D57-C57,IF(C57-D57<0,0,C57-D57)))) | K57: =IF(SUM(H57:J57)<0.00068287037037037,0,SUM(H57:J57)) -> 0 | L57: =IF(OR(F57="Congé",F57="OFF",M57="Abs",F57="Congé sans solde",F57="Férié",F57="Congé spécial",D57="Congé spécial"),0,IF(F57-E57<0,0,IF(F57-E57<=0.00068287037037037,0,F57-E57))) -> 0 | M57: =IF(AND(O57<>0,C57=""),"Abs",0) -> 0 | N57: =IFERROR(IF(OR(D57="OFF",D57="Congé",M57="Abs",D57="Congé sans solde",D57="Férié"),"",IF(O57-K57-L57>O57,O57,IF(O57-K57-L57<0,"",O57-K57-L57))),"") -> 0.375 | O57: =IF(AG57="2H Pause déjeuner",IF(F57-D57-0.0833333333333333<0,F57-D57-0.0833333333333333+1,F57-D57-0.0833333333333333),IF(OR(AND(F57="OFF",D57="OFF"),AND(F57="Congé",D57="Congé"),AND(F57="Congé sans solde",D57="Congé sans solde"),AND(F57="Congé spécial",D57="Congé spécial"),AND(F57="Férié",D57="Férié"),AND(F57="OFF",D57="Congé"),AND(F57="OFF",D57="Congé sans solde"),AND(F57="OFF",D57="Congé spécial"),AND(F57="OFF",D57="Férié"),AND(F57="Congé",D57="OFF"),AND(F57="Congé",D57="Congé sans solde"),AND(F57="Congé",D57="Congé spécial"),AND(F57="Congé",D57="Férié"),AND(F57="Congé sans solde",D57="OFF"),AND(F57="Congé sans solde",D57="Congé"),AND(F57="Congé sans solde",D57="Congé spécial"),AND(F57="Congé sans solde",D57="Férié"),AND(F57="Congé spécial",D57="OFF"),AND(F57="Congé spécial",D57="Congé"),AND(F57="Congé spécial",D57="Congé sans solde"),AND(F57="Congé spécial",D57="Férié"),AND(F57="Férié",D57="OFF"),AND(F57="Férié",D57="Congé"),AND(F57="Férié",D57="Congé sans solde"),AND(F57="Férié",D57="Congé spécial")),0,IF(OR(F57="OFF",F57="Congé",F57="Congé spécial",F57="Congé sans solde",D57="OFF",D57="Congé",D57="Congé spécial",D57="Congé sans solde"),0.208333333333334,IF(AND(AG57="",F57-D57<0),("24:00:00"-D57)+("00:00:00"+F57)-0.0416666666666667,IF(AND(OR(AG57="Allaitement",AG57="Sans déjeuner"),F57-D57<0),("24:00:00"-D57)+("00:00:00"+F57),IF(AND(AG57="",F57-D57>0.166666666666667),F57-D57-0.0416666666666667,IF(AND(OR(AG57="Allaitement",AG57="Sans déjeuner"),F57-D57>0.166666666666667),F57-D57,F57-D57))))))) -> 0.375 | P57: =IFERROR(VLOOKUP($B57,Annuaire_roster!$B:$G,MATCH(P$1,Annuaire_roster!$B$1:$G$1,0),0),"-") -> Google Leads | Q57: 44718 | R57: =IF(M57="Abs",O57,0) -> 0 | S57: =SUM(R57,L57,I57,J57,W57,H57) -> 0 | T57: ="Sem - "&WEEKNUM(Q57,21) -> Sem - 23 | U57: =PROPER(TEXT(Q57,"mmmm")) -> Juin | V57: =+TEXT(Q57,"aaa") -> 2026 | X57: =IFERROR(IF(M57="Abs",0,IF((D57-C57+E57-F57)<0.000694444444444444,0,(D57-C57+E57-F57))),0) -> 0.0020833333 | Y57: =IFERROR(VLOOKUP(B57,Annuaire_roster!B:E,4,0),"-") -> 0 | Z57: =IFERROR(VLOOKUP(B57,Annuaire_roster!B:F,3,0),"-") -> Google Leads | AA57: =IFERROR(VLOOKUP(B57,Annuaire_roster!B:I,6,0),"-") -> 0 | AB57: =IF(AND(D57="Congé",F57="Congé"),0.333333333333333,IF(OR(AND(D57="Congé",F57<>"Congé"),(AND(F57="Congé",D57<>"Congé"))),0.166666666666667,"")) | AC57: =IF(AND(D57="Congé sans solde",F57="Congé sans solde"),0.333333333333333,IF(OR(AND(D57="Congé sans solde",F57<>"Congé sans solde"),(AND(F57="Congé sans solde",D57<>"Congé sans solde"))),0.166666666666667,"")) | AD57: =IF(AND(D57="Congé spécial",F57="Congé spécial"),0.333333333333333,IF(OR(AND(D57="Congé spécial",F57<>"Congé décès"),(AND(F57="Congé spécial",D57<>"Congé spécial"))),0.166666666666667,"")) | AE57: =IF(AND(D57="Férié",F57="Férié"),0.333333333333333,IF(OR(AND(D57="Férié",F57<>"Férié"),(AND(F57="Férié",D57<>"Férié"))),0.166666666666667,""))
A58: =VLOOKUP(B58,Annuaire_roster!B:F,5,0) -> 1132 | B58: AIT LARBI HIND | C58: 0.29166667 | D58: 0.29166667 | E58: 0.70833333 | F58: {=IFERROR(INDEX(Planning2[],MATCH(1,(Planning2[Nom]=B58)*(Planning2[Date]=Q58),0),4),"-")} -> 0.70833333 | I58: =IF(IF(OR(C58="",D58="Congé",D58="OFF",D58="Congé spécial"),"",IF(D58>F58,D58-C58,IF(C58-D58<0,0,C58-D58)))<0.00068287037037037,"",IF(OR(D58="Congé",D58="OFF",C58="",D58="Congé spécial"),"",IF(D58>F58,D58-C58,IF(C58-D58<0,0,C58-D58)))) | K58: =IF(SUM(H58:J58)<0.00068287037037037,0,SUM(H58:J58)) -> 0 | L58: =IF(OR(F58="Congé",F58="OFF",M58="Abs",F58="Congé sans solde",F58="Férié",F58="Congé spécial",D58="Congé spécial"),0,IF(F58-E58<0,0,IF(F58-E58<=0.00068287037037037,0,F58-E58))) -> 0 | M58: =IF(AND(O58<>0,C58=""),"Abs",0) -> 0 | N58: =IFERROR(IF(OR(D58="OFF",D58="Congé",M58="Abs",D58="Congé sans solde",D58="Férié"),"",IF(O58-K58-L58>O58,O58,IF(O58-K58-L58<0,"",O58-K58-L58))),"") -> 0.375 | O58: =IF(AG58="2H Pause déjeuner",IF(F58-D58-0.0833333333333333<0,F58-D58-0.0833333333333333+1,F58-D58-0.0833333333333333),IF(OR(AND(F58="OFF",D58="OFF"),AND(F58="Congé",D58="Congé"),AND(F58="Congé sans solde",D58="Congé sans solde"),AND(F58="Congé spécial",D58="Congé spécial"),AND(F58="Férié",D58="Férié"),AND(F58="OFF",D58="Congé"),AND(F58="OFF",D58="Congé sans solde"),AND(F58="OFF",D58="Congé spécial"),AND(F58="OFF",D58="Férié"),AND(F58="Congé",D58="OFF"),AND(F58="Congé",D58="Congé sans solde"),AND(F58="Congé",D58="Congé spécial"),AND(F58="Congé",D58="Férié"),AND(F58="Congé sans solde",D58="OFF"),AND(F58="Congé sans solde",D58="Congé"),AND(F58="Congé sans solde",D58="Congé spécial"),AND(F58="Congé sans solde",D58="Férié"),AND(F58="Congé spécial",D58="OFF"),AND(F58="Congé spécial",D58="Congé"),AND(F58="Congé spécial",D58="Congé sans solde"),AND(F58="Congé spécial",D58="Férié"),AND(F58="Férié",D58="OFF"),AND(F58="Férié",D58="Congé"),AND(F58="Férié",D58="Congé sans solde"),AND(F58="Férié",D58="Congé spécial")),0,IF(OR(F58="OFF",F58="Congé",F58="Congé spécial",F58="Congé sans solde",D58="OFF",D58="Congé",D58="Congé spécial",D58="Congé sans solde"),0.208333333333334,IF(AND(AG58="",F58-D58<0),("24:00:00"-D58)+("00:00:00"+F58)-0.0416666666666667,IF(AND(OR(AG58="Allaitement",AG58="Sans déjeuner"),F58-D58<0),("24:00:00"-D58)+("00:00:00"+F58),IF(AND(AG58="",F58-D58>0.166666666666667),F58-D58-0.0416666666666667,IF(AND(OR(AG58="Allaitement",AG58="Sans déjeuner"),F58-D58>0.166666666666667),F58-D58,F58-D58))))))) -> 0.375 | P58: =IFERROR(VLOOKUP($B58,Annuaire_roster!$B:$G,MATCH(P$1,Annuaire_roster!$B$1:$G$1,0),0),"-") -> Google Leads | Q58: 44718 | R58: =IF(M58="Abs",O58,0) -> 0 | S58: =SUM(R58,L58,I58,J58,W58,H58) -> 0 | T58: ="Sem - "&WEEKNUM(Q58,21) -> Sem - 23 | U58: =PROPER(TEXT(Q58,"mmmm")) -> Juin | V58: =+TEXT(Q58,"aaa") -> 2026 | X58: =IFERROR(IF(M58="Abs",0,IF((D58-C58+E58-F58)<0.000694444444444444,0,(D58-C58+E58-F58))),0) -> 0 | Y58: =IFERROR(VLOOKUP(B58,Annuaire_roster!B:E,4,0),"-") -> CHOUIFI Mustapha | Z58: =IFERROR(VLOOKUP(B58,Annuaire_roster!B:F,3,0),"-") -> Google Leads | AA58: =IFERROR(VLOOKUP(B58,Annuaire_roster!B:I,6,0),"-") -> Forfaitaire | AB58: =IF(AND(D58="Congé",F58="Congé"),0.333333333333333,IF(OR(AND(D58="Congé",F58<>"Congé"),(AND(F58="Congé",D58<>"Congé"))),0.166666666666667,"")) | AC58: =IF(AND(D58="Congé sans solde",F58="Congé sans solde"),0.333333333333333,IF(OR(AND(D58="Congé sans solde",F58<>"Congé sans solde"),(AND(F58="Congé sans solde",D58<>"Congé sans solde"))),0.166666666666667,"")) | AD58: =IF(AND(D58="Congé spécial",F58="Congé spécial"),0.333333333333333,IF(OR(AND(D58="Congé spécial",F58<>"Congé décès"),(AND(F58="Congé spécial",D58<>"Congé spécial"))),0.166666666666667,"")) | AE58: =IF(AND(D58="Férié",F58="Férié"),0.333333333333333,IF(OR(AND(D58="Férié",F58<>"Férié"),(AND(F58="Férié",D58<>"Férié"))),0.166666666666667,""))
A59: =VLOOKUP(B59,Annuaire_roster!B:F,5,0) -> 1167 | B59: ZIOUI DOUNIA | C59: 0.29166667 | D59: 0.29166667 | E59: 0.70833333 | F59: {=IFERROR(INDEX(Planning2[],MATCH(1,(Planning2[Nom]=B59)*(Planning2[Date]=Q59),0),4),"-")} -> 0.70833333 | I59: =IF(IF(OR(C59="",D59="Congé",D59="OFF",D59="Congé spécial"),"",IF(D59>F59,D59-C59,IF(C59-D59<0,0,C59-D59)))<0.00068287037037037,"",IF(OR(D59="Congé",D59="OFF",C59="",D59="Congé spécial"),"",IF(D59>F59,D59-C59,IF(C59-D59<0,0,C59-D59)))) | K59: =IF(SUM(H59:J59)<0.00068287037037037,0,SUM(H59:J59)) -> 0 | L59: =IF(OR(F59="Congé",F59="OFF",M59="Abs",F59="Congé sans solde",F59="Férié",F59="Congé spécial",D59="Congé spécial"),0,IF(F59-E59<0,0,IF(F59-E59<=0.00068287037037037,0,F59-E59))) -> 0 | M59: =IF(AND(O59<>0,C59=""),"Abs",0) -> 0 | N59: =IFERROR(IF(OR(D59="OFF",D59="Congé",M59="Abs",D59="Congé sans solde",D59="Férié"),"",IF(O59-K59-L59>O59,O59,IF(O59-K59-L59<0,"",O59-K59-L59))),"") -> 0.375 | O59: =IF(AG59="2H Pause déjeuner",IF(F59-D59-0.0833333333333333<0,F59-D59-0.0833333333333333+1,F59-D59-0.0833333333333333),IF(OR(AND(F59="OFF",D59="OFF"),AND(F59="Congé",D59="Congé"),AND(F59="Congé sans solde",D59="Congé sans solde"),AND(F59="Congé spécial",D59="Congé spécial"),AND(F59="Férié",D59="Férié"),AND(F59="OFF",D59="Congé"),AND(F59="OFF",D59="Congé sans solde"),AND(F59="OFF",D59="Congé spécial"),AND(F59="OFF",D59="Férié"),AND(F59="Congé",D59="OFF"),AND(F59="Congé",D59="Congé sans solde"),AND(F59="Congé",D59="Congé spécial"),AND(F59="Congé",D59="Férié"),AND(F59="Congé sans solde",D59="OFF"),AND(F59="Congé sans solde",D59="Congé"),AND(F59="Congé sans solde",D59="Congé spécial"),AND(F59="Congé sans solde",D59="Férié"),AND(F59="Congé spécial",D59="OFF"),AND(F59="Congé spécial",D59="Congé"),AND(F59="Congé spécial",D59="Congé sans solde"),AND(F59="Congé spécial",D59="Férié"),AND(F59="Férié",D59="OFF"),AND(F59="Férié",D59="Congé"),AND(F59="Férié",D59="Congé sans solde"),AND(F59="Férié",D59="Congé spécial")),0,IF(OR(F59="OFF",F59="Congé",F59="Congé spécial",F59="Congé sans solde",D59="OFF",D59="Congé",D59="Congé spécial",D59="Congé sans solde"),0.208333333333334,IF(AND(AG59="",F59-D59<0),("24:00:00"-D59)+("00:00:00"+F59)-0.0416666666666667,IF(AND(OR(AG59="Allaitement",AG59="Sans déjeuner"),F59-D59<0),("24:00:00"-D59)+("00:00:00"+F59),IF(AND(AG59="",F59-D59>0.166666666666667),F59-D59-0.0416666666666667,IF(AND(OR(AG59="Allaitement",AG59="Sans déjeuner"),F59-D59>0.166666666666667),F59-D59,F59-D59))))))) -> 0.375 | P59: =IFERROR(VLOOKUP($B59,Annuaire_roster!$B:$G,MATCH(P$1,Annuaire_roster!$B$1:$G$1,0),0),"-") -> Google Leads | Q59: 44718 | R59: =IF(M59="Abs",O59,0) -> 0 | S59: =SUM(R59,L59,I59,J59,W59,H59) -> 0 | T59: ="Sem - "&WEEKNUM(Q59,21) -> Sem - 23 | U59: =PROPER(TEXT(Q59,"mmmm")) -> Juin | V59: =+TEXT(Q59,"aaa") -> 2026 | X59: =IFERROR(IF(M59="Abs",0,IF((D59-C59+E59-F59)<0.000694444444444444,0,(D59-C59+E59-F59))),0) -> 0 | Y59: =IFERROR(VLOOKUP(B59,Annuaire_roster!B:E,4,0),"-") -> OUAQERROUCH Nour-El Houda | Z59: =IFERROR(VLOOKUP(B59,Annuaire_roster!B:F,3,0),"-") -> Google Leads | AA59: =IFERROR(VLOOKUP(B59,Annuaire_roster!B:I,6,0),"-") -> Forfaitaire | AB59: =IF(AND(D59="Congé",F59="Congé"),0.333333333333333,IF(OR(AND(D59="Congé",F59<>"Congé"),(AND(F59="Congé",D59<>"Congé"))),0.166666666666667,"")) | AC59: =IF(AND(D59="Congé sans solde",F59="Congé sans solde"),0.333333333333333,IF(OR(AND(D59="Congé sans solde",F59<>"Congé sans solde"),(AND(F59="Congé sans solde",D59<>"Congé sans solde"))),0.166666666666667,"")) | AD59: =IF(AND(D59="Congé spécial",F59="Congé spécial"),0.333333333333333,IF(OR(AND(D59="Congé spécial",F59<>"Congé décès"),(AND(F59="Congé spécial",D59<>"Congé spécial"))),0.166666666666667,"")) | AE59: =IF(AND(D59="Férié",F59="Férié"),0.333333333333333,IF(OR(AND(D59="Férié",F59<>"Férié"),(AND(F59="Férié",D59<>"Férié"))),0.166666666666667,""))
A60: =VLOOKUP(B60,Annuaire_roster!B:F,5,0) -> 397 | B60: DERKAOUI AMAL | D60: {=IFERROR(INDEX(Planning2[],MATCH(1,(Planning2[Nom]=B60)*(Planning2[Date]=Q60),0),3),"-")} -> Congé | F60: {=IFERROR(INDEX(Planning2[],MATCH(1,(Planning2[Nom]=B60)*(Planning2[Date]=Q60),0),4),"-")} -> Congé | I60: =IF(IF(OR(C60="",D60="Congé",D60="OFF",D60="Congé spécial"),"",IF(D60>F60,D60-C60,IF(C60-D60<0,0,C60-D60)))<0.00068287037037037,"",IF(OR(D60="Congé",D60="OFF",C60="",D60="Congé spécial"),"",IF(D60>F60,D60-C60,IF(C60-D60<0,0,C60-D60)))) | K60: =IF(SUM(H60:J60)<0.00068287037037037,0,SUM(H60:J60)) -> 0 | L60: =IF(OR(F60="Congé",F60="OFF",M60="Abs",F60="Congé sans solde",F60="Férié",F60="Congé spécial",D60="Congé spécial"),0,IF(F60-E60<0,0,IF(F60-E60<=0.00068287037037037,0,F60-E60))) -> 0 | M60: =IF(AND(O60<>0,C60=""),"Abs",0) -> 0 | N60: =IFERROR(IF(OR(D60="OFF",D60="Congé",M60="Abs",D60="Congé sans solde",D60="Férié"),"",IF(O60-K60-L60>O60,O60,IF(O60-K60-L60<0,"",O60-K60-L60))),"") | O60: =IF(AG60="2H Pause déjeuner",IF(F60-D60-0.0833333333333333<0,F60-D60-0.0833333333333333+1,F60-D60-0.0833333333333333),IF(OR(AND(F60="OFF",D60="OFF"),AND(F60="Congé",D60="Congé"),AND(F60="Congé sans solde",D60="Congé sans solde"),AND(F60="Congé spécial",D60="Congé spécial"),AND(F60="Férié",D60="Férié"),AND(F60="OFF",D60="Congé"),AND(F60="OFF",D60="Congé sans solde"),AND(F60="OFF",D60="Congé spécial"),AND(F60="OFF",D60="Férié"),AND(F60="Congé",D60="OFF"),AND(F60="Congé",D60="Congé sans solde"),AND(F60="Congé",D60="Congé spécial"),AND(F60="Congé",D60="Férié"),AND(F60="Congé sans solde",D60="OFF"),AND(F60="Congé sans solde",D60="Congé"),AND(F60="Congé sans solde",D60="Congé spécial"),AND(F60="Congé sans solde",D60="Férié"),AND(F60="Congé spécial",D60="OFF"),AND(F60="Congé spécial",D60="Congé"),AND(F60="Congé spécial",D60="Congé sans solde"),AND(F60="Congé spécial",D60="Férié"),AND(F60="Férié",D60="OFF"),AND(F60="Férié",D60="Congé"),AND(F60="Férié",D60="Congé sans solde"),AND(F60="Férié",D60="Congé spécial")),0,IF(OR(F60="OFF",F60="Congé",F60="Congé spécial",F60="Congé sans solde",D60="OFF",D60="Congé",D60="Congé spécial",D60="Congé sans solde"),0.208333333333334,IF(AND(AG60="",F60-D60<0),("24:00:00"-D60)+("00:00:00"+F60)-0.0416666666666667,IF(AND(OR(AG60="Allaitement",AG60="Sans déjeuner"),F60-D60<0),("24:00:00"-D60)+("00:00:00"+F60),IF(AND(AG60="",F60-D60>0.166666666666667),F60-D60-0.0416666666666667,IF(AND(OR(AG60="Allaitement",AG60="Sans déjeuner"),F60-D60>0.166666666666667),F60-D60,F60-D60))))))) -> 0 | P60: =IFERROR(VLOOKUP($B60,Annuaire_roster!$B:$G,MATCH(P$1,Annuaire_roster!$B$1:$G$1,0),0),"-") -> Google Leads | Q60: 44718 | R60: =IF(M60="Abs",O60,0) -> 0 | S60: =SUM(R60,L60,I60,J60,W60,H60) -> 0 | T60: ="Sem - "&WEEKNUM(Q60,21) -> Sem - 23 | U60: =PROPER(TEXT(Q60,"mmmm")) -> Juin | V60: =+TEXT(Q60,"aaa") -> 2026 | X60: =IFERROR(IF(M60="Abs",0,IF((D60-C60+E60-F60)<0.000694444444444444,0,(D60-C60+E60-F60))),0) -> 0 | Y60: =IFERROR(VLOOKUP(B60,Annuaire_roster!B:E,4,0),"-") -> OUAQERROUCH Nour-El Houda | Z60: =IFERROR(VLOOKUP(B60,Annuaire_roster!B:F,3,0),"-") -> Google Leads | AA60: =IFERROR(VLOOKUP(B60,Annuaire_roster!B:I,6,0),"-") -> Forfaitaire | AB60: =IF(AND(D60="Congé",F60="Congé"),0.333333333333333,IF(OR(AND(D60="Congé",F60<>"Congé"),(AND(F60="Congé",D60<>"Congé"))),0.166666666666667,"")) -> 0.33333333 | AC60: =IF(AND(D60="Congé sans solde",F60="Congé sans solde"),0.333333333333333,IF(OR(AND(D60="Congé sans solde",F60<>"Congé sans solde"),(AND(F60="Congé sans solde",D60<>"Congé sans solde"))),0.166666666666667,"")) | AD60: =IF(AND(D60="Congé spécial",F60="Congé spécial"),0.333333333333333,IF(OR(AND(D60="Congé spécial",F60<>"Congé décès"),(AND(F60="Congé spécial",D60<>"Congé spécial"))),0.166666666666667,"")) | AE60: =IF(AND(D60="Férié",F60="Férié"),0.333333333333333,IF(OR(AND(D60="Férié",F60<>"Férié"),(AND(F60="Férié",D60<>"Férié"))),0.166666666666667,""))
A61: =VLOOKUP(B61,Annuaire_roster!B:F,5,0) -> 894 | B61: IHASSANE Ikram | C61: 0.41666667 | D61: 0.41666667 | E61: 0.83333333 | F61: 0.83333333 | I61: =IF(IF(OR(C61="",D61="Congé",D61="OFF",D61="Congé spécial"),"",IF(D61>F61,D61-C61,IF(C61-D61<0,0,C61-D61)))<0.00068287037037037,"",IF(OR(D61="Congé",D61="OFF",C61="",D61="Congé spécial"),"",IF(D61>F61,D61-C61,IF(C61-D61<0,0,C61-D61)))) | K61: =IF(SUM(H61:J61)<0.00068287037037037,0,SUM(H61:J61)) -> 0 | L61: =IF(OR(F61="Congé",F61="OFF",M61="Abs",F61="Congé sans solde",F61="Férié",F61="Congé spécial",D61="Congé spécial"),0,IF(F61-E61<0,0,IF(F61-E61<=0.00068287037037037,0,F61-E61))) -> 0 | M61: =IF(AND(O61<>0,C61=""),"Abs",0) -> 0 | N61: =IFERROR(IF(OR(D61="OFF",D61="Congé",M61="Abs",D61="Congé sans solde",D61="Férié"),"",IF(O61-K61-L61>O61,O61,IF(O61-K61-L61<0,"",O61-K61-L61))),"") -> 0.375 | O61: =IF(AG61="2H Pause déjeuner",IF(F61-D61-0.0833333333333333<0,F61-D61-0.0833333333333333+1,F61-D61-0.0833333333333333),IF(OR(AND(F61="OFF",D61="OFF"),AND(F61="Congé",D61="Congé"),AND(F61="Congé sans solde",D61="Congé sans solde"),AND(F61="Congé spécial",D61="Congé spécial"),AND(F61="Férié",D61="Férié"),AND(F61="OFF",D61="Congé"),AND(F61="OFF",D61="Congé sans solde"),AND(F61="OFF",D61="Congé spécial"),AND(F61="OFF",D61="Férié"),AND(F61="Congé",D61="OFF"),AND(F61="Congé",D61="Congé sans solde"),AND(F61="Congé",D61="Congé spécial"),AND(F61="Congé",D61="Férié"),AND(F61="Congé sans solde",D61="OFF"),AND(F61="Congé sans solde",D61="Congé"),AND(F61="Congé sans solde",D61="Congé spécial"),AND(F61="Congé sans solde",D61="Férié"),AND(F61="Congé spécial",D61="OFF"),AND(F61="Congé spécial",D61="Congé"),AND(F61="Congé spécial",D61="Congé sans solde"),AND(F61="Congé spécial",D61="Férié"),AND(F61="Férié",D61="OFF"),AND(F61="Férié",D61="Congé"),AND(F61="Férié",D61="Congé sans solde"),AND(F61="Férié",D61="Congé spécial")),0,IF(OR(F61="OFF",F61="Congé",F61="Congé spécial",F61="Congé sans solde",D61="OFF",D61="Congé",D61="Congé spécial",D61="Congé sans solde"),0.208333333333334,IF(AND(AG61="",F61-D61<0),("24:00:00"-D61)+("00:00:00"+F61)-0.0416666666666667,IF(AND(OR(AG61="Allaitement",AG61="Sans déjeuner"),F61-D61<0),("24:00:00"-D61)+("00:00:00"+F61),IF(AND(AG61="",F61-D61>0.166666666666667),F61-D61-0.0416666666666667,IF(AND(OR(AG61="Allaitement",AG61="Sans déjeuner"),F61-D61>0.166666666666667),F61-D61,F61-D61))))))) -> 0.375 | P61: =IFERROR(VLOOKUP($B61,Annuaire_roster!$B:$G,MATCH(P$1,Annuaire_roster!$B$1:$G$1,0),0),"-") -> Google Leads | Q61: 44718 | R61: =IF(M61="Abs",O61,0) -> 0 | S61: =SUM(R61,L61,I61,J61,W61,H61) -> 0 | T61: ="Sem - "&WEEKNUM(Q61,21) -> Sem - 23 | U61: =PROPER(TEXT(Q61,"mmmm")) -> Juin | V61: =+TEXT(Q61,"aaa") -> 2026 | X61: =IFERROR(IF(M61="Abs",0,IF((D61-C61+E61-F61)<0.000694444444444444,0,(D61-C61+E61-F61))),0) -> 0 | Y61: =IFERROR(VLOOKUP(B61,Annuaire_roster!B:E,4,0),"-") -> OUAQERROUCH Nour-El Houda | Z61: =IFERROR(VLOOKUP(B61,Annuaire_roster!B:F,3,0),"-") -> Google Leads | AA61: =IFERROR(VLOOKUP(B61,Annuaire_roster!B:I,6,0),"-") -> Forfaitaire | AB61: =IF(AND(D61="Congé",F61="Congé"),0.333333333333333,IF(OR(AND(D61="Congé",F61<>"Congé"),(AND(F61="Congé",D61<>"Congé"))),0.166666666666667,"")) | AC61: =IF(AND(D61="Congé sans solde",F61="Congé sans solde"),0.333333333333333,IF(OR(AND(D61="Congé sans solde",F61<>"Congé sans solde"),(AND(F61="Congé sans solde",D61<>"Congé sans solde"))),0.166666666666667,"")) | AD61: =IF(AND(D61="Congé spécial",F61="Congé spécial"),0.333333333333333,IF(OR(AND(D61="Congé spécial",F61<>"Congé décès"),(AND(F61="Congé spécial",D61<>"Congé spécial"))),0.166666666666667,"")) | AE61: =IF(AND(D61="Férié",F61="Férié"),0.333333333333333,IF(OR(AND(D61="Férié",F61<>"Férié"),(AND(F61="Férié",D61<>"Férié"))),0.166666666666667,""))
A62: =VLOOKUP(B62,Annuaire_roster!B:F,5,0) -> 0 | B62: NUNEZ LUCIEN BERNARD | D62: {=IFERROR(INDEX(Planning2[],MATCH(1,(Planning2[Nom]=B62)*(Planning2[Date]=Q62),0),3),"-")} -> OFF | F62: {=IFERROR(INDEX(Planning2[],MATCH(1,(Planning2[Nom]=B62)*(Planning2[Date]=Q62),0),4),"-")} -> OFF | I62: =IF(IF(OR(C62="",D62="Congé",D62="OFF",D62="Congé spécial"),"",IF(D62>F62,D62-C62,IF(C62-D62<0,0,C62-D62)))<0.00068287037037037,"",IF(OR(D62="Congé",D62="OFF",C62="",D62="Congé spécial"),"",IF(D62>F62,D62-C62,IF(C62-D62<0,0,C62-D62)))) | L62: =IF(OR(F62="Congé",F62="OFF",M62="Abs",F62="Congé sans solde",F62="Férié",F62="Congé spécial",D62="Congé spécial"),0,IF(F62-E62<0,0,IF(F62-E62<=0.00068287037037037,0,F62-E62))) -> 0 | M62: =IF(AND(O62<>0,C62=""),"Abs",0) -> 0 | N62: =IFERROR(IF(OR(D62="OFF",D62="Congé",M62="Abs",D62="Congé sans solde",D62="Férié"),"",IF(O62-K62-L62>O62,O62,IF(O62-K62-L62<0,"",O62-K62-L62))),"") | O62: =IF(AG62="2H Pause déjeuner",IF(F62-D62-0.0833333333333333<0,F62-D62-0.0833333333333333+1,F62-D62-0.0833333333333333),IF(OR(AND(F62="OFF",D62="OFF"),AND(F62="Congé",D62="Congé"),AND(F62="Congé sans solde",D62="Congé sans solde"),AND(F62="Congé spécial",D62="Congé spécial"),AND(F62="Férié",D62="Férié"),AND(F62="OFF",D62="Congé"),AND(F62="OFF",D62="Congé sans solde"),AND(F62="OFF",D62="Congé spécial"),AND(F62="OFF",D62="Férié"),AND(F62="Congé",D62="OFF"),AND(F62="Congé",D62="Congé sans solde"),AND(F62="Congé",D62="Congé spécial"),AND(F62="Congé",D62="Férié"),AND(F62="Congé sans solde",D62="OFF"),AND(F62="Congé sans solde",D62="Congé"),AND(F62="Congé sans solde",D62="Congé spécial"),AND(F62="Congé sans solde",D62="Férié"),AND(F62="Congé spécial",D62="OFF"),AND(F62="Congé spécial",D62="Congé"),AND(F62="Congé spécial",D62="Congé sans solde"),AND(F62="Congé spécial",D62="Férié"),AND(F62="Férié",D62="OFF"),AND(F62="Férié",D62="Congé"),AND(F62="Férié",D62="Congé sans solde"),AND(F62="Férié",D62="Congé spécial")),0,IF(OR(F62="OFF",F62="Congé",F62="Congé spécial",F62="Congé sans solde",D62="OFF",D62="Congé",D62="Congé spécial",D62="Congé sans solde"),0.208333333333334,IF(AND(AG62="",F62-D62<0),("24:00:00"-D62)+("00:00:00"+F62)-0.0416666666666667,IF(AND(OR(AG62="Allaitement",AG62="Sans déjeuner"),F62-D62<0),("24:00:00"-D62)+("00:00:00"+F62),IF(AND(AG62="",F62-D62>0.166666666666667),F62-D62-0.0416666666666667,IF(AND(OR(AG62="Allaitement",AG62="Sans déjeuner"),F62-D62>0.166666666666667),F62-D62,F62-D62))))))) -> 0 | P62: =IFERROR(VLOOKUP($B62,Annuaire_roster!$B:$G,MATCH(P$1,Annuaire_roster!$B$1:$G$1,0),0),"-") -> Google Leads | Q62: 44718 | R62: =IF(M62="Abs",O62,0) -> 0 | S62: =SUM(R62,L62,I62,J62,W62,H62) -> 0 | T62: ="Sem - "&WEEKNUM(Q62,21) -> Sem - 23 | U62: =PROPER(TEXT(Q62,"mmmm")) -> Juin | V62: =+TEXT(Q62,"aaa") -> 2026 | X62: =IFERROR(IF(M62="Abs",0,IF((D62-C62+E62-F62)<0.000694444444444444,0,(D62-C62+E62-F62))),0) -> 0 | Y62: =IFERROR(VLOOKUP(B62,Annuaire_roster!B:E,4,0),"-") -> 0 | Z62: =IFERROR(VLOOKUP(B62,Annuaire_roster!B:F,3,0),"-") -> Google Leads | AA62: =IFERROR(VLOOKUP(B62,Annuaire_roster!B:I,6,0),"-") -> 0 | AB62: =IF(AND(D62="Congé",F62="Congé"),0.333333333333333,IF(OR(AND(D62="Congé",F62<>"Congé"),(AND(F62="Congé",D62<>"Congé"))),0.166666666666667,"")) | AC62: =IF(AND(D62="Congé sans solde",F62="Congé sans solde"),0.333333333333333,IF(OR(AND(D62="Congé sans solde",F62<>"Congé sans solde"),(AND(F62="Congé sans solde",D62<>"Congé sans solde"))),0.166666666666667,"")) | AD62: =IF(AND(D62="Congé spécial",F62="Congé spécial"),0.333333333333333,IF(OR(AND(D62="Congé spécial",F62<>"Congé décès"),(AND(F62="Congé spécial",D62<>"Congé spécial"))),0.166666666666667,"")) | AE62: =IF(AND(D62="Férié",F62="Férié"),0.333333333333333,IF(OR(AND(D62="Férié",F62<>"Férié"),(AND(F62="Férié",D62<>"Férié"))),0.166666666666667,""))
A63: =VLOOKUP(B63,Annuaire_roster!B:F,5,0) -> 971 | B63: EL HOUSSAINI HOUDA | D63: {=IFERROR(INDEX(Planning2[],MATCH(1,(Planning2[Nom]=B63)*(Planning2[Date]=Q63),0),3),"-")} -> OFF | F63: {=IFERROR(INDEX(Planning2[],MATCH(1,(Planning2[Nom]=B63)*(Planning2[Date]=Q63),0),4),"-")} -> OFF | I63: =IF(IF(OR(C63="",D63="Congé",D63="OFF",D63="Congé spécial"),"",IF(D63>F63,D63-C63,IF(C63-D63<0,0,C63-D63)))<0.00068287037037037,"",IF(OR(D63="Congé",D63="OFF",C63="",D63="Congé spécial"),"",IF(D63>F63,D63-C63,IF(C63-D63<0,0,C63-D63)))) | K63: =IF(SUM(H63:J63)<0.00068287037037037,0,SUM(H63:J63)) -> 0 | L63: =IF(OR(F63="Congé",F63="OFF",M63="Abs",F63="Congé sans solde",F63="Férié",F63="Congé spécial",D63="Congé spécial"),0,IF(F63-E63<0,0,IF(F63-E63<=0.00068287037037037,0,F63-E63))) -> 0 | M63: =IF(AND(O63<>0,C63=""),"Abs",0) -> 0 | N63: =IFERROR(IF(OR(D63="OFF",D63="Congé",M63="Abs",D63="Congé sans solde",D63="Férié"),"",IF(O63-K63-L63>O63,O63,IF(O63-K63-L63<0,"",O63-K63-L63))),"") | O63: =IF(AG63="2H Pause déjeuner",IF(F63-D63-0.0833333333333333<0,F63-D63-0.0833333333333333+1,F63-D63-0.0833333333333333),IF(OR(AND(F63="OFF",D63="OFF"),AND(F63="Congé",D63="Congé"),AND(F63="Congé sans solde",D63="Congé sans solde"),AND(F63="Congé spécial",D63="Congé spécial"),AND(F63="Férié",D63="Férié"),AND(F63="OFF",D63="Congé"),AND(F63="OFF",D63="Congé sans solde"),AND(F63="OFF",D63="Congé spécial"),AND(F63="OFF",D63="Férié"),AND(F63="Congé",D63="OFF"),AND(F63="Congé",D63="Congé sans solde"),AND(F63="Congé",D63="Congé spécial"),AND(F63="Congé",D63="Férié"),AND(F63="Congé sans solde",D63="OFF"),AND(F63="Congé sans solde",D63="Congé"),AND(F63="Congé sans solde",D63="Congé spécial"),AND(F63="Congé sans solde",D63="Férié"),AND(F63="Congé spécial",D63="OFF"),AND(F63="Congé spécial",D63="Congé"),AND(F63="Congé spécial",D63="Congé sans solde"),AND(F63="Congé spécial",D63="Férié"),AND(F63="Férié",D63="OFF"),AND(F63="Férié",D63="Congé"),AND(F63="Férié",D63="Congé sans solde"),AND(F63="Férié",D63="Congé spécial")),0,IF(OR(F63="OFF",F63="Congé",F63="Congé spécial",F63="Congé sans solde",D63="OFF",D63="Congé",D63="Congé spécial",D63="Congé sans solde"),0.208333333333334,IF(AND(AG63="",F63-D63<0),("24:00:00"-D63)+("00:00:00"+F63)-0.0416666666666667,IF(AND(OR(AG63="Allaitement",AG63="Sans déjeuner"),F63-D63<0),("24:00:00"-D63)+("00:00:00"+F63),IF(AND(AG63="",F63-D63>0.166666666666667),F63-D63-0.0416666666666667,IF(AND(OR(AG63="Allaitement",AG63="Sans déjeuner"),F63-D63>0.166666666666667),F63-D63,F63-D63))))))) -> 0 | P63: =IFERROR(VLOOKUP($B63,Annuaire_roster!$B:$G,MATCH(P$1,Annuaire_roster!$B$1:$G$1,0),0),"-") -> Google Leads | Q63: 44718 | R63: =IF(M63="Abs",O63,0) -> 0 | S63: =SUM(R63,L63,I63,J63,W63,H63) -> 0 | T63: ="Sem - "&WEEKNUM(Q63,21) -> Sem - 23 | U63: =PROPER(TEXT(Q63,"mmmm")) -> Juin | V63: =+TEXT(Q63,"aaa") -> 2026 | X63: =IFERROR(IF(M63="Abs",0,IF((D63-C63+E63-F63)<0.000694444444444444,0,(D63-C63+E63-F63))),0) -> 0 | Y63: =IFERROR(VLOOKUP(B63,Annuaire_roster!B:E,4,0),"-") -> CHOUIFI Mustapha | Z63: =IFERROR(VLOOKUP(B63,Annuaire_roster!B:F,3,0),"-") -> Google Leads | AA63: =IFERROR(VLOOKUP(B63,Annuaire_roster!B:I,6,0),"-") -> Forfaitaire | AB63: =IF(AND(D63="Congé",F63="Congé"),0.333333333333333,IF(OR(AND(D63="Congé",F63<>"Congé"),(AND(F63="Congé",D63<>"Congé"))),0.166666666666667,"")) | AC63: =IF(AND(D63="Congé sans solde",F63="Congé sans solde"),0.333333333333333,IF(OR(AND(D63="Congé sans solde",F63<>"Congé sans solde"),(AND(F63="Congé sans solde",D63<>"Congé sans solde"))),0.166666666666667,"")) | AD63: =IF(AND(D63="Congé spécial",F63="Congé spécial"),0.333333333333333,IF(OR(AND(D63="Congé spécial",F63<>"Congé décès"),(AND(F63="Congé spécial",D63<>"Congé spécial"))),0.166666666666667,"")) | AE63: =IF(AND(D63="Férié",F63="Férié"),0.333333333333333,IF(OR(AND(D63="Férié",F63<>"Férié"),(AND(F63="Férié",D63<>"Férié"))),0.166666666666667,""))
A64: =VLOOKUP(B64,Annuaire_roster!B:F,5,0) -> 1008 | B64: RACHAD NAWAR | D64: {=IFERROR(INDEX(Planning2[],MATCH(1,(Planning2[Nom]=B64)*(Planning2[Date]=Q64),0),3),"-")} -> OFF | F64: {=IFERROR(INDEX(Planning2[],MATCH(1,(Planning2[Nom]=B64)*(Planning2[Date]=Q64),0),4),"-")} -> OFF | I64: =IF(IF(OR(C64="",D64="Congé",D64="OFF",D64="Congé spécial"),"",IF(D64>F64,D64-C64,IF(C64-D64<0,0,C64-D64)))<0.00068287037037037,"",IF(OR(D64="Congé",D64="OFF",C64="",D64="Congé spécial"),"",IF(D64>F64,D64-C64,IF(C64-D64<0,0,C64-D64)))) | K64: =IF(SUM(H64:J64)<0.00068287037037037,0,SUM(H64:J64)) -> 0 | L64: =IF(OR(F64="Congé",F64="OFF",M64="Abs",F64="Congé sans solde",F64="Férié",F64="Congé spécial",D64="Congé spécial"),0,IF(F64-E64<0,0,IF(F64-E64<=0.00068287037037037,0,F64-E64))) -> 0 | M64: =IF(AND(O64<>0,C64=""),"Abs",0) -> 0 | N64: =IFERROR(IF(OR(D64="OFF",D64="Congé",M64="Abs",D64="Congé sans solde",D64="Férié"),"",IF(O64-K64-L64>O64,O64,IF(O64-K64-L64<0,"",O64-K64-L64))),"") | O64: =IF(AG64="2H Pause déjeuner",IF(F64-D64-0.0833333333333333<0,F64-D64-0.0833333333333333+1,F64-D64-0.0833333333333333),IF(OR(AND(F64="OFF",D64="OFF"),AND(F64="Congé",D64="Congé"),AND(F64="Congé sans solde",D64="Congé sans solde"),AND(F64="Congé spécial",D64="Congé spécial"),AND(F64="Férié",D64="Férié"),AND(F64="OFF",D64="Congé"),AND(F64="OFF",D64="Congé sans solde"),AND(F64="OFF",D64="Congé spécial"),AND(F64="OFF",D64="Férié"),AND(F64="Congé",D64="OFF"),AND(F64="Congé",D64="Congé sans solde"),AND(F64="Congé",D64="Congé spécial"),AND(F64="Congé",D64="Férié"),AND(F64="Congé sans solde",D64="OFF"),AND(F64="Congé sans solde",D64="Congé"),AND(F64="Congé sans solde",D64="Congé spécial"),AND(F64="Congé sans solde",D64="Férié"),AND(F64="Congé spécial",D64="OFF"),AND(F64="Congé spécial",D64="Congé"),AND(F64="Congé spécial",D64="Congé sans solde"),AND(F64="Congé spécial",D64="Férié"),AND(F64="Férié",D64="OFF"),AND(F64="Férié",D64="Congé"),AND(F64="Férié",D64="Congé sans solde"),AND(F64="Férié",D64="Congé spécial")),0,IF(OR(F64="OFF",F64="Congé",F64="Congé spécial",F64="Congé sans solde",D64="OFF",D64="Congé",D64="Congé spécial",D64="Congé sans solde"),0.208333333333334,IF(AND(AG64="",F64-D64<0),("24:00:00"-D64)+("00:00:00"+F64)-0.0416666666666667,IF(AND(OR(AG64="Allaitement",AG64="Sans déjeuner"),F64-D64<0),("24:00:00"-D64)+("00:00:00"+F64),IF(AND(AG64="",F64-D64>0.166666666666667),F64-D64-0.0416666666666667,IF(AND(OR(AG64="Allaitement",AG64="Sans déjeuner"),F64-D64>0.166666666666667),F64-D64,F64-D64))))))) -> 0 | P64: =IFERROR(VLOOKUP($B64,Annuaire_roster!$B:$G,MATCH(P$1,Annuaire_roster!$B$1:$G$1,0),0),"-") -> Google Leads | Q64: 44718 | R64: =IF(M64="Abs",O64,0) -> 0 | S64: =SUM(R64,L64,I64,J64,W64,H64) -> 0 | T64: ="Sem - "&WEEKNUM(Q64,21) -> Sem - 23 | U64: =PROPER(TEXT(Q64,"mmmm")) -> Juin | V64: =+TEXT(Q64,"aaa") -> 2026 | X64: =IFERROR(IF(M64="Abs",0,IF((D64-C64+E64-F64)<0.000694444444444444,0,(D64-C64+E64-F64))),0) -> 0 | Y64: =IFERROR(VLOOKUP(B64,Annuaire_roster!B:E,4,0),"-") -> CHOUIFI Mustapha | Z64: =IFERROR(VLOOKUP(B64,Annuaire_roster!B:F,3,0),"-") -> Google Leads | AA64: =IFERROR(VLOOKUP(B64,Annuaire_roster!B:I,6,0),"-") -> Forfaitaire | AB64: =IF(AND(D64="Congé",F64="Congé"),0.333333333333333,IF(OR(AND(D64="Congé",F64<>"Congé"),(AND(F64="Congé",D64<>"Congé"))),0.166666666666667,"")) | AC64: =IF(AND(D64="Congé sans solde",F64="Congé sans solde"),0.333333333333333,IF(OR(AND(D64="Congé sans solde",F64<>"Congé sans solde"),(AND(F64="Congé sans solde",D64<>"Congé sans solde"))),0.166666666666667,"")) | AD64: =IF(AND(D64="Congé spécial",F64="Congé spécial"),0.333333333333333,IF(OR(AND(D64="Congé spécial",F64<>"Congé décès"),(AND(F64="Congé spécial",D64<>"Congé spécial"))),0.166666666666667,"")) | AE64: =IF(AND(D64="Férié",F64="Férié"),0.333333333333333,IF(OR(AND(D64="Férié",F64<>"Férié"),(AND(F64="Férié",D64<>"Férié"))),0.166666666666667,""))
A65: =VLOOKUP(B65,Annuaire_roster!B:F,5,0) -> 0 | B65: QARBOUI Aymane | D65: {=IFERROR(INDEX(Planning2[],MATCH(1,(Planning2[Nom]=B65)*(Planning2[Date]=Q65),0),3),"-")} -> OFF | F65: {=IFERROR(INDEX(Planning2[],MATCH(1,(Planning2[Nom]=B65)*(Planning2[Date]=Q65),0),4),"-")} -> OFF | I65: =IF(IF(OR(C65="",D65="Congé",D65="OFF",D65="Congé spécial"),"",IF(D65>F65,D65-C65,IF(C65-D65<0,0,C65-D65)))<0.00068287037037037,"",IF(OR(D65="Congé",D65="OFF",C65="",D65="Congé spécial"),"",IF(D65>F65,D65-C65,IF(C65-D65<0,0,C65-D65)))) | K65: =IF(SUM(H65:J65)<0.00068287037037037,0,SUM(H65:J65)) -> 0 | L65: =IF(OR(F65="Congé",F65="OFF",M65="Abs",F65="Congé sans solde",F65="Férié",F65="Congé spécial",D65="Congé spécial"),0,IF(F65-E65<0,0,IF(F65-E65<=0.00068287037037037,0,F65-E65))) -> 0 | M65: =IF(AND(O65<>0,C65=""),"Abs",0) -> 0 | N65: =IFERROR(IF(OR(D65="OFF",D65="Congé",M65="Abs",D65="Congé sans solde",D65="Férié"),"",IF(O65-K65-L65>O65,O65,IF(O65-K65-L65<0,"",O65-K65-L65))),"") | O65: =IF(AG65="2H Pause déjeuner",IF(F65-D65-0.0833333333333333<0,F65-D65-0.0833333333333333+1,F65-D65-0.0833333333333333),IF(OR(AND(F65="OFF",D65="OFF"),AND(F65="Congé",D65="Congé"),AND(F65="Congé sans solde",D65="Congé sans solde"),AND(F65="Congé spécial",D65="Congé spécial"),AND(F65="Férié",D65="Férié"),AND(F65="OFF",D65="Congé"),AND(F65="OFF",D65="Congé sans solde"),AND(F65="OFF",D65="Congé spécial"),AND(F65="OFF",D65="Férié"),AND(F65="Congé",D65="OFF"),AND(F65="Congé",D65="Congé sans solde"),AND(F65="Congé",D65="Congé spécial"),AND(F65="Congé",D65="Férié"),AND(F65="Congé sans solde",D65="OFF"),AND(F65="Congé sans solde",D65="Congé"),AND(F65="Congé sans solde",D65="Congé spécial"),AND(F65="Congé sans solde",D65="Férié"),AND(F65="Congé spécial",D65="OFF"),AND(F65="Congé spécial",D65="Congé"),AND(F65="Congé spécial",D65="Congé sans solde"),AND(F65="Congé spécial",D65="Férié"),AND(F65="Férié",D65="OFF"),AND(F65="Férié",D65="Congé"),AND(F65="Férié",D65="Congé sans solde"),AND(F65="Férié",D65="Congé spécial")),0,IF(OR(F65="OFF",F65="Congé",F65="Congé spécial",F65="Congé sans solde",D65="OFF",D65="Congé",D65="Congé spécial",D65="Congé sans solde"),0.208333333333334,IF(AND(AG65="",F65-D65<0),("24:00:00"-D65)+("00:00:00"+F65)-0.0416666666666667,IF(AND(OR(AG65="Allaitement",AG65="Sans déjeuner"),F65-D65<0),("24:00:00"-D65)+("00:00:00"+F65),IF(AND(AG65="",F65-D65>0.166666666666667),F65-D65-0.0416666666666667,IF(AND(OR(AG65="Allaitement",AG65="Sans déjeuner"),F65-D65>0.166666666666667),F65-D65,F65-D65))))))) -> 0 | P65: =IFERROR(VLOOKUP($B65,Annuaire_roster!$B:$G,MATCH(P$1,Annuaire_roster!$B$1:$G$1,0),0),"-") -> Google Leads | Q65: 44718 | R65: =IF(M65="Abs",O65,0) -> 0 | S65: =SUM(R65,L65,I65,J65,W65,H65) -> 0 | T65: ="Sem - "&WEEKNUM(Q65,21) -> Sem - 23 | U65: =PROPER(TEXT(Q65,"mmmm")) -> Juin | V65: =+TEXT(Q65,"aaa") -> 2026 | X65: =IFERROR(IF(M65="Abs",0,IF((D65-C65+E65-F65)<0.000694444444444444,0,(D65-C65+E65-F65))),0) -> 0 | Y65: =IFERROR(VLOOKUP(B65,Annuaire_roster!B:E,4,0),"-") -> 0 | Z65: =IFERROR(VLOOKUP(B65,Annuaire_roster!B:F,3,0),"-") -> Google Leads | AA65: =IFERROR(VLOOKUP(B65,Annuaire_roster!B:I,6,0),"-") -> 0 | AB65: =IF(AND(D65="Congé",F65="Congé"),0.333333333333333,IF(OR(AND(D65="Congé",F65<>"Congé"),(AND(F65="Congé",D65<>"Congé"))),0.166666666666667,"")) | AC65: =IF(AND(D65="Congé sans solde",F65="Congé sans solde"),0.333333333333333,IF(OR(AND(D65="Congé sans solde",F65<>"Congé sans solde"),(AND(F65="Congé sans solde",D65<>"Congé sans solde"))),0.166666666666667,"")) | AD65: =IF(AND(D65="Congé spécial",F65="Congé spécial"),0.333333333333333,IF(OR(AND(D65="Congé spécial",F65<>"Congé décès"),(AND(F65="Congé spécial",D65<>"Congé spécial"))),0.166666666666667,"")) | AE65: =IF(AND(D65="Férié",F65="Férié"),0.333333333333333,IF(OR(AND(D65="Férié",F65<>"Férié"),(AND(F65="Férié",D65<>"Férié"))),0.166666666666667,""))
